,Symbol,Series,Date,Prev Close,Open Price,High Price,Low Price,Last Price,Close Price,Average Price,Total Traded Quantity,Turnover,No. of Trades,Deliverable Qty,% Dly Qt to Traded Qty,Year,Month,PV,Day_Perc_Change,Trend
0,HINDUNILVR,EQ,2017-05-15,980.2,981.3,988.85,974.55,982.5,983.25,980.72,734446,720288795.6,32976,420159,57.21,2017,5,722144029.5,0.0,Slight or No Change
1,HINDUNILVR,EQ,2017-05-16,983.25,983.0,1002.5,982.05,999.5,1000.4,994.0,1503815,1494797745.55,39717,669576,44.53,2017,5,1504416526.0,1.7442156114924945,Positive
2,HINDUNILVR,EQ,2017-05-17,1000.4,1004.0,1012.0,991.1,1009.0,1009.4,1003.84,1999387,2007056012.15,63210,996054,49.82,2017,5,2018181237.8,0.8996401439424151,Slight Positive
3,HINDUNILVR,EQ,2017-05-18,1009.4,1008.0,1009.0,983.0,987.5,990.25,997.56,2690943,2684373562.15,78098,983594,36.55,2017,5,2664706305.75,-1.8971666336437432,Negative
4,HINDUNILVR,EQ,2017-05-19,990.25,1000.0,1022.75,1000.0,1004.1,1008.0,1009.97,3059815,3090315667.8,57429,1523108,49.78,2017,5,3084293520.0,1.7924766473112808,Positive
5,HINDUNILVR,EQ,2017-05-22,1008.0,1011.35,1028.2,1009.0,1019.8,1018.6,1019.74,1788720,1824025966.1,51057,808117,45.18,2017,5,1821990192.0,1.0515873015872979,Positive
6,HINDUNILVR,EQ,2017-05-23,1018.6,1018.8,1032.0,1014.0,1023.5,1024.8,1027.17,2640069,2711793462.6,72246,1946513,73.73,2017,5,2705542711.2,0.6086785784409798,Slight Positive
7,HINDUNILVR,EQ,2017-05-24,1024.8,1026.55,1040.0,1023.5,1038.05,1038.05,1032.11,1992083,2056056556.8,42418,1341093,67.32,2017,5,2067881758.1499999,1.2929352068696387,Positive
8,HINDUNILVR,EQ,2017-05-25,1038.05,1037.9,1050.0,1030.3,1045.0,1043.45,1041.56,1918721,1998462723.45,67399,1255478,65.43,2017,5,2002089427.45,0.5202061557728621,Slight Positive
9,HINDUNILVR,EQ,2017-05-26,1043.45,1042.05,1046.95,1032.4,1041.0,1040.95,1040.43,716421,745383722.55,26030,367491,51.3,2017,5,745758439.95,-0.23958982222435088,Slight or No Change
10,HINDUNILVR,EQ,2017-05-29,1040.95,1041.0,1077.0,1038.75,1073.0,1072.25,1065.77,1771026,1887507529.8,63186,1112200,62.8,2017,5,1898982628.5,3.006868725683276,Among Top Gainers
11,HINDUNILVR,EQ,2017-05-30,1072.25,1071.1,1074.95,1053.3,1070.5,1072.6,1063.43,890684,947182049.85,19918,588068,66.02,2017,5,955347658.4,0.032641641408237554,Slight or No Change
12,HINDUNILVR,EQ,2017-05-31,1072.6,1065.8,1074.45,1061.05,1070.0,1067.0,1067.74,2226704,2377542164.05,72236,1834087,82.37,2017,5,2375893168.0,-0.522095841879533,Slight Negative
13,HINDUNILVR,EQ,2017-06-01,1067.0,1067.0,1099.45,1061.2,1094.55,1095.35,1091.65,1782269,1945606800.45,69057,1160309,65.1,2017,6,1952208349.1499999,2.6569821930646498,Positive
14,HINDUNILVR,EQ,2017-06-02,1095.35,1100.05,1103.0,1046.1,1085.0,1086.4,1083.08,2216247,2400378655.9,40705,1803842,81.39,2017,6,2407730740.8,-0.8170904277171487,Slight Negative
15,HINDUNILVR,EQ,2017-06-05,1086.4,1092.0,1101.3,1088.0,1095.0,1097.75,1096.57,612171,671288397.35,35182,355028,57.99,2017,6,672010715.25,1.044734904270972,Positive
16,HINDUNILVR,EQ,2017-06-06,1097.75,1097.95,1101.8,1087.0,1091.0,1091.55,1092.44,1203091,1314304860.3,29449,915629,76.11,2017,6,1313233981.05,-0.5647916192211389,Slight Negative
17,HINDUNILVR,EQ,2017-06-07,1091.55,1105.2,1114.25,1091.5,1106.0,1106.35,1107.07,2392047,2648170064.95,81560,1666883,69.68,2017,6,2646441198.45,1.3558700929870326,Positive
18,HINDUNILVR,EQ,2017-06-08,1106.35,1106.7,1115.0,1088.55,1092.9,1093.5,1103.14,935574,1032073423.1,45799,555504,59.38,2017,6,1023050169.0,-1.1614769286392157,Negative
19,HINDUNILVR,EQ,2017-06-09,1093.5,1091.0,1105.4,1090.0,1097.0,1095.35,1095.6,691085,757155244.15,29000,403543,58.39,2017,6,756979954.7499999,0.16918152720621915,Slight or No Change
20,HINDUNILVR,EQ,2017-06-12,1095.35,1096.0,1105.0,1083.0,1100.0,1099.65,1092.43,1059705,1157658475.5,27430,736896,69.54,2017,6,1165304603.25,0.3925685853836791,Slight or No Change
21,HINDUNILVR,EQ,2017-06-13,1099.65,1096.0,1109.35,1095.05,1102.0,1102.75,1103.63,1040661,1148501285.75,33761,788203,75.74,2017,6,1147588917.75,0.28190787977993015,Slight or No Change
22,HINDUNILVR,EQ,2017-06-14,1102.75,1105.0,1119.6,1094.2,1117.5,1113.7,1104.35,1139136,1257999932.55,42295,765088,67.16,2017,6,1268655763.2,0.9929721151666238,Slight Positive
23,HINDUNILVR,EQ,2017-06-15,1113.7,1117.5,1121.5,1101.6,1102.3,1104.0,1112.05,1051935,1169806882.65,58917,764006,72.63,2017,6,1161336240.0,-0.8709706384125049,Slight Negative
24,HINDUNILVR,EQ,2017-06-16,1104.0,1104.0,1110.85,1088.45,1090.0,1091.8,1093.77,1550451,1695835583.95,44130,1185765,76.48,2017,6,1692782401.8,-1.1050724637681197,Negative
25,HINDUNILVR,EQ,2017-06-19,1091.8,1094.4,1101.0,1090.3,1095.85,1095.65,1095.95,859068,941493592.5,37826,613375,71.4,2017,6,941237854.2,0.35262868657264246,Slight or No Change
26,HINDUNILVR,EQ,2017-06-20,1095.65,1098.85,1101.0,1091.1,1099.3,1093.05,1094.19,1272735,1392610247.75,31555,1049900,82.49,2017,6,1391162991.75,-0.23730205813902172,Slight or No Change
27,HINDUNILVR,EQ,2017-06-21,1093.05,1094.25,1129.0,1093.95,1127.0,1123.45,1111.87,1411671,1569593401.35,55360,898389,63.64,2017,6,1585941784.95,2.781208544897318,Positive
28,HINDUNILVR,EQ,2017-06-22,1123.45,1117.0,1117.4,1092.05,1093.0,1094.05,1101.34,1000211,1101568441.05,67490,640852,64.07,2017,6,1094280844.55,-2.616938893586729,Negative
29,HINDUNILVR,EQ,2017-06-23,1094.05,1093.9,1102.75,1075.0,1095.05,1097.9,1091.2,1600881,1746888561.55,69468,1097595,68.56,2017,6,1757607249.9,0.35190347790321486,Slight or No Change
30,HINDUNILVR,EQ,2017-06-27,1097.9,1096.5,1114.95,1087.0,1092.95,1092.1,1094.25,1809437,1979973724.05,52414,1410677,77.96,2017,6,1976086147.6999998,-0.5282812642317336,Slight Negative
31,HINDUNILVR,EQ,2017-06-28,1092.1,1095.0,1104.95,1084.25,1092.0,1090.0,1093.41,1084236,1185513322.3,52162,792685,73.11,2017,6,1181817240.0,-0.19229008332569686,Slight or No Change
32,HINDUNILVR,EQ,2017-06-29,1090.0,1094.65,1094.65,1084.25,1087.0,1088.1,1090.93,1771369,1932439891.15,30968,1376094,77.69,2017,6,1927426608.8999999,-0.1743119266055082,Slight or No Change
33,HINDUNILVR,EQ,2017-06-30,1088.1,1085.0,1092.7,1064.0,1080.0,1079.6,1078.18,1501780,1619189979.55,56215,950779,63.31,2017,6,1621321687.9999998,-0.7811782005330392,Slight Negative
34,HINDUNILVR,EQ,2017-07-03,1079.6,1093.0,1100.1,1081.1,1098.0,1097.75,1092.94,823810,900378422.6,32627,491860,59.71,2017,7,904337427.5,1.6811782141533893,Positive
35,HINDUNILVR,EQ,2017-07-04,1097.75,1104.4,1112.0,1083.85,1091.0,1088.1,1099.94,938993,1032834589.1,29822,615135,65.51,2017,7,1021718283.3,-0.8790708266909641,Slight Negative
36,HINDUNILVR,EQ,2017-07-05,1088.1,1087.0,1098.0,1082.05,1095.0,1096.7,1093.35,364842,398900021.6,13880,193345,52.99,2017,7,400122221.40000004,0.790368532304031,Slight Positive
37,HINDUNILVR,EQ,2017-07-06,1096.7,1096.7,1096.7,1086.4,1092.05,1092.5,1091.5,653440,713230718.2,31534,503130,77.0,2017,7,713883200.0,-0.382967083067387,Slight or No Change
38,HINDUNILVR,EQ,2017-07-07,1092.5,1091.0,1109.9,1089.8,1095.2,1097.7,1100.28,780216,858452725.35,30013,419943,53.82,2017,7,856443103.2,0.47597254004576595,Slight or No Change
39,HINDUNILVR,EQ,2017-07-10,1097.7,1150.0,1150.0,1090.0,1096.0,1096.25,1098.61,155828,171193942.25,4583,62749,40.27,2017,7,170826445.0,-0.1320943791564222,Slight or No Change
40,HINDUNILVR,EQ,2017-07-11,1096.25,1102.0,1112.95,1097.0,1103.85,1106.45,1108.12,1088867,1206598295.95,63934,729578,67.0,2017,7,1204776892.15,0.9304446978335212,Slight Positive
41,HINDUNILVR,EQ,2017-07-12,1106.45,1110.0,1138.4,1105.0,1131.9,1131.65,1129.05,1749266,1975004428.55,58316,1021808,58.41,2017,7,1979556868.9,2.277554340458221,Positive
42,HINDUNILVR,EQ,2017-07-13,1131.65,1134.7,1139.9,1131.0,1133.45,1134.7,1135.57,1390586,1579105511.1,67090,958094,68.9,2017,7,1577897934.2,0.269517960500143,Slight or No Change
43,HINDUNILVR,EQ,2017-07-14,1134.7,1135.0,1144.95,1125.3,1139.8,1139.3,1138.38,1430776,1628763515.65,42610,936822,65.48,2017,7,1630083096.8,0.4053934960782435,Slight or No Change
44,HINDUNILVR,EQ,2017-07-17,1139.3,1140.0,1156.0,1130.05,1150.5,1152.95,1145.53,1177146,1348458945.3,26930,639029,54.29,2017,7,1357190480.7,1.1981040990081793,Positive
45,HINDUNILVR,EQ,2017-07-18,1152.95,1153.25,1169.8,1147.3,1159.6,1157.85,1159.28,3322231,3851401818.15,74976,2098067,63.15,2017,7,3846645163.35,0.4249967474738492,Slight or No Change
46,HINDUNILVR,EQ,2017-07-19,1157.85,1190.0,1195.05,1135.5,1156.5,1154.35,1157.1,4799441,5553431460.95,117464,2011230,41.91,2017,7,5540234718.349999,-0.3022844064429764,Slight or No Change
47,HINDUNILVR,EQ,2017-07-20,1154.35,1155.45,1161.05,1145.0,1151.5,1152.9,1152.84,1295206,1493166527.95,31942,851040,65.71,2017,7,1493242997.4,-0.12561181617358752,Slight or No Change
48,HINDUNILVR,EQ,2017-07-21,1152.9,1158.9,1164.2,1145.0,1158.2,1158.65,1155.57,1690899,1953952305.95,67021,1182172,69.91,2017,7,1959160126.3500001,0.49874230202098246,Slight or No Change
49,HINDUNILVR,EQ,2017-07-24,1158.65,1162.0,1164.3,1154.05,1159.15,1159.35,1159.68,1102676,1278751364.5,27902,798740,72.44,2017,7,1278387420.6,0.06041513830750134,Slight or No Change
50,HINDUNILVR,EQ,2017-07-25,1159.35,1155.55,1161.0,1143.0,1149.0,1149.6,1151.52,1686360,1941876822.0,40254,1236591,73.33,2017,7,1938639455.9999998,-0.8409884849268967,Slight Negative
51,HINDUNILVR,EQ,2017-07-26,1149.6,1154.0,1167.0,1141.35,1163.8,1164.55,1159.21,1563285,1812179343.4,32847,1162463,74.36,2017,7,1820523546.75,1.3004523312456495,Positive
52,HINDUNILVR,EQ,2017-07-27,1164.55,1163.8,1192.45,1162.15,1169.65,1171.9,1177.34,2090566,2461307992.2,54110,1232730,58.97,2017,7,2449934295.4,0.6311450774977523,Slight Positive
53,HINDUNILVR,EQ,2017-07-28,1171.9,1168.6,1168.6,1141.6,1150.0,1153.85,1151.03,860381,990326066.25,29446,566104,65.8,2017,7,992750616.8499999,-1.540233808345437,Negative
54,HINDUNILVR,EQ,2017-07-31,1153.85,1159.95,1162.6,1142.1,1160.4,1155.75,1150.43,955459,1099187393.15,24102,706038,73.9,2017,7,1104271739.25,0.1646661177796105,Slight or No Change
55,HINDUNILVR,EQ,2017-08-01,1155.75,1154.0,1176.9,1154.0,1174.45,1173.95,1170.77,1359063,1591148850.05,37938,1066199,78.45,2017,8,1595472008.8500001,1.5747350205494337,Positive
56,HINDUNILVR,EQ,2017-08-02,1173.95,1174.0,1175.0,1159.7,1160.3,1168.75,1167.06,587711,685893771.2,28366,382997,65.17,2017,8,686887231.25,-0.44294901827165445,Slight or No Change
57,HINDUNILVR,EQ,2017-08-03,1168.75,1165.5,1179.6,1158.0,1170.1,1169.9,1170.81,597333,699364820.95,28633,373613,62.55,2017,8,698819876.7,0.09839572192513746,Slight or No Change
58,HINDUNILVR,EQ,2017-08-04,1169.9,1162.0,1196.3,1162.0,1193.0,1192.1,1185.64,1116836,1324167074.1,42446,694169,62.15,2017,8,1331380195.6,1.897598085306429,Positive
59,HINDUNILVR,EQ,2017-08-07,1192.1,1173.0,1193.1,1171.35,1177.95,1186.3,1184.16,868190,1028072406.05,40921,631855,72.78,2017,8,1029933797.0,-0.48653636439895953,Slight or No Change
60,HINDUNILVR,EQ,2017-08-08,1186.3,1181.7,1209.0,1181.0,1189.5,1191.0,1196.14,1329938,1590795737.9,57619,859947,64.66,2017,8,1583956158.0,0.39618983393745477,Slight or No Change
61,HINDUNILVR,EQ,2017-08-09,1191.0,1189.5,1195.5,1176.35,1188.6,1185.35,1188.18,833002,989752508.85,34150,504712,60.59,2017,8,987398920.6999999,-0.4743912678421558,Slight or No Change
62,HINDUNILVR,EQ,2017-08-10,1185.35,1174.85,1183.6,1166.2,1170.0,1170.7,1173.54,699787,821224811.55,33168,455716,65.12,2017,8,819240640.9,-1.2359218796135996,Negative
63,HINDUNILVR,EQ,2017-08-11,1170.7,1160.05,1174.8,1143.55,1155.0,1152.8,1156.94,861457,996652294.1,29621,553097,64.2,2017,8,993087629.5999999,-1.5289997437430647,Negative
64,HINDUNILVR,EQ,2017-08-14,1152.8,1154.5,1169.9,1147.2,1159.05,1155.7,1158.63,526828,610400660.25,35780,313395,59.49,2017,8,608855119.6,0.2515614156835655,Slight or No Change
65,HINDUNILVR,EQ,2017-08-16,1155.7,1151.0,1190.6,1151.0,1187.0,1186.35,1178.03,1366648,1609952538.05,55267,921557,67.43,2017,8,1621322854.8,2.6520723371116883,Positive
66,HINDUNILVR,EQ,2017-08-17,1186.35,1185.0,1185.0,1165.0,1176.5,1177.3,1175.71,961319,1130228845.75,54456,673680,70.08,2017,8,1131760858.7,-0.7628440173641837,Slight Negative
67,HINDUNILVR,EQ,2017-08-18,1177.3,1170.0,1206.3,1169.45,1201.9,1202.2,1191.29,1407292,1676491944.9,47321,1037933,73.75,2017,8,1691846442.4,2.1150089187123244,Positive
68,HINDUNILVR,EQ,2017-08-21,1202.2,1202.3,1208.0,1182.35,1192.6,1191.45,1191.26,965962,1150711847.9,38792,631916,65.42,2017,8,1150895424.9,-0.8941939777075358,Slight Negative
69,HINDUNILVR,EQ,2017-08-22,1191.45,1206.3,1207.35,1188.05,1199.8,1199.6,1196.66,916218,1096400027.3,40231,621119,67.79,2017,8,1099095112.8,0.6840404549078638,Slight Positive
70,HINDUNILVR,EQ,2017-08-23,1199.6,1195.1,1195.45,1183.0,1190.0,1188.15,1187.96,831796,988138959.1,25880,504554,60.66,2017,8,988298417.4000001,-0.9544848282760809,Slight Negative
71,HINDUNILVR,EQ,2017-08-24,1188.15,1188.0,1189.7,1175.3,1182.0,1179.7,1179.3,780599,920560506.45,38930,492841,63.14,2017,8,920872640.3000001,-0.711189664604639,Slight Negative
72,HINDUNILVR,EQ,2017-08-28,1179.7,1181.35,1202.85,1178.75,1200.0,1199.7,1191.95,630713,751779122.8,37923,440977,69.92,2017,8,756666386.1,1.6953462744765613,Positive
73,HINDUNILVR,EQ,2017-08-29,1199.7,1195.15,1198.55,1183.0,1190.0,1190.45,1187.23,1002082,1189698039.05,26053,783695,78.21,2017,8,1192928516.9,-0.7710260898557975,Slight Negative
74,HINDUNILVR,EQ,2017-08-30,1190.45,1197.5,1209.6,1187.25,1201.9,1204.3,1200.85,666156,799951954.5,31218,396192,59.47,2017,8,802251670.8,1.1634255953630879,Positive
75,HINDUNILVR,EQ,2017-08-31,1204.3,1201.85,1222.8,1194.3,1215.1,1219.75,1211.96,1425125,1727195417.75,46730,919643,64.53,2017,8,1738296218.75,1.2829029311633322,Positive
76,HINDUNILVR,EQ,2017-09-01,1219.75,1216.25,1222.0,1207.15,1215.75,1216.15,1215.38,622867,757017699.25,42174,365980,58.76,2017,9,757499702.0500001,-0.2951424472227848,Slight or No Change
77,HINDUNILVR,EQ,2017-09-04,1216.15,1214.85,1214.85,1193.75,1194.1,1197.15,1200.75,586791,704589156.35,44725,392962,66.97,2017,9,702476845.6500001,-1.5623072811742023,Negative
78,HINDUNILVR,EQ,2017-09-05,1197.15,1196.4,1211.5,1192.3,1204.0,1205.2,1203.58,699191,841529750.0,49473,457485,65.43,2017,9,842664993.2,0.672430355427478,Slight Positive
79,HINDUNILVR,EQ,2017-09-06,1205.2,1202.0,1212.0,1200.3,1202.6,1206.4,1206.07,670064,808146178.05,28400,517108,77.17,2017,9,808365209.6,0.09956853634252028,Slight or No Change
80,HINDUNILVR,EQ,2017-09-07,1206.4,1209.0,1221.75,1203.7,1209.0,1208.75,1211.53,781792,947161016.6,42335,528160,67.56,2017,9,944991080.0,0.1947944297082227,Slight or No Change
81,HINDUNILVR,EQ,2017-09-08,1208.75,1210.25,1218.35,1202.1,1204.9,1207.55,1210.05,663219,802528428.8,34470,443645,66.89,2017,9,800870103.4499999,-0.09927611168563111,Slight or No Change
82,HINDUNILVR,EQ,2017-09-11,1207.55,1206.0,1232.0,1206.0,1217.0,1219.9,1224.19,794869,973070275.4,38165,364323,45.83,2017,9,969660693.1,1.0227319779719357,Positive
83,HINDUNILVR,EQ,2017-09-12,1219.9,1224.0,1255.0,1223.0,1249.15,1249.8,1240.84,1164498,1444950412.9,45613,761081,65.36,2017,9,1455389600.3999999,2.451020575456986,Positive
84,HINDUNILVR,EQ,2017-09-13,1249.8,1250.0,1259.0,1245.2,1250.5,1250.95,1250.77,848136,1060822300.85,32167,588133,69.34,2017,9,1060975729.2,0.09201472235558228,Slight or No Change
85,HINDUNILVR,EQ,2017-09-14,1250.95,1262.1,1262.1,1230.1,1241.1,1247.85,1252.83,1239363,1552706624.95,22980,905726,73.08,2017,9,1546539119.55,-0.24781166313603276,Slight or No Change
86,HINDUNILVR,EQ,2017-09-15,1247.85,1242.1,1256.8,1235.6,1253.95,1246.0,1245.3,1333125,1660143540.9,34386,1110451,83.3,2017,9,1661073750.0,-0.14825499859758562,Slight or No Change
87,HINDUNILVR,EQ,2017-09-18,1246.0,1250.0,1285.95,1246.0,1282.0,1280.05,1272.3,781532,994342636.7,25210,434220,55.56,2017,9,1000400036.6,2.7327447833065843,Positive
88,HINDUNILVR,EQ,2017-09-19,1280.05,1287.6,1287.6,1273.55,1285.0,1279.3,1280.2,563558,721467180.65,23117,368896,65.46,2017,9,720959749.4,-0.05859146127104031,Slight or No Change
89,HINDUNILVR,EQ,2017-09-20,1279.3,1280.0,1281.35,1255.1,1257.55,1259.35,1262.61,1179496,1489241701.7,51488,909285,77.09,2017,9,1485398287.6,-1.5594465723442585,Negative
90,HINDUNILVR,EQ,2017-09-21,1259.35,1261.0,1261.9,1248.0,1253.4,1256.7,1253.58,913615,1145289043.2,49123,613564,67.16,2017,9,1148139970.5,-0.21042601341960676,Slight or No Change
91,HINDUNILVR,EQ,2017-09-22,1256.7,1252.2,1252.25,1234.1,1240.5,1239.2,1241.24,1208698,1500279425.75,51664,909368,75.24,2017,9,1497818561.6000001,-1.392536007002465,Negative
92,HINDUNILVR,EQ,2017-09-25,1239.2,1239.9,1259.0,1237.5,1247.9,1247.15,1247.28,1271436,1585835638.8,86610,953336,74.98,2017,9,1585671407.4,0.6415429309231779,Slight Positive
93,HINDUNILVR,EQ,2017-09-26,1247.15,1261.1,1261.1,1201.05,1217.0,1217.35,1215.04,1751337,2127936144.2,100839,1131488,64.61,2017,9,2131990096.9499998,-2.3894479413061886,Negative
94,HINDUNILVR,EQ,2017-09-27,1217.35,1217.0,1217.5,1188.0,1210.1,1205.9,1198.49,2299025,2755350415.45,87834,1566060,68.12,2017,9,2772394247.5,-0.9405676264016005,Slight Negative
95,HINDUNILVR,EQ,2017-09-28,1205.9,1205.8,1212.95,1192.15,1203.1,1202.8,1201.7,3007522,3614143818.2,94915,2254870,74.97,2017,9,3617447461.6,-0.25706940874037354,Slight or No Change
96,HINDUNILVR,EQ,2017-09-29,1202.8,1209.8,1209.8,1169.0,1169.65,1173.9,1181.42,2274339,2686943073.15,67314,1649492,72.53,2017,9,2669846552.1000004,-2.40272697040238,Negative
97,HINDUNILVR,EQ,2017-10-03,1173.9,1176.5,1191.85,1171.0,1190.1,1186.35,1181.25,1970990,2328227125.95,54942,1633042,82.85,2017,10,2338283986.5,1.0605673396370863,Positive
98,HINDUNILVR,EQ,2017-10-04,1186.35,1191.1,1204.5,1178.7,1204.35,1197.5,1195.33,2448425,2926682340.9,46029,2005412,81.91,2017,10,2931988937.5,0.9398575462553183,Slight Positive
99,HINDUNILVR,EQ,2017-10-05,1197.5,1204.35,1204.5,1183.2,1185.9,1187.65,1191.29,2305862,2746959800.05,61373,1918077,83.18,2017,10,2738557004.3,-0.8225469728601165,Slight Negative
100,HINDUNILVR,EQ,2017-10-06,1187.65,1193.0,1211.6,1192.15,1211.6,1207.3,1200.03,508700,610455919.05,25250,263737,51.85,2017,10,614153510.0,1.6545278491137738,Positive
101,HINDUNILVR,EQ,2017-10-09,1207.3,1217.5,1223.35,1205.05,1222.5,1220.25,1216.4,720819,876807632.5,17054,525677,72.93,2017,10,879579384.75,1.0726414312929755,Positive
102,HINDUNILVR,EQ,2017-10-10,1220.25,1224.1,1230.35,1205.0,1209.0,1209.2,1215.8,802675,975890527.45,32367,501426,62.47,2017,10,970594610.0,-0.905552140954724,Slight Negative
103,HINDUNILVR,EQ,2017-10-11,1209.2,1215.0,1220.5,1198.6,1214.95,1218.05,1210.54,1096016,1326769307.5,40818,731778,66.77,2017,10,1335002288.8,0.7318888521336442,Slight Positive
104,HINDUNILVR,EQ,2017-10-12,1218.05,1220.05,1245.0,1216.25,1242.0,1241.0,1237.18,982442,1215458422.45,31009,454403,46.25,2017,10,1219210522.0,1.8841591067690233,Positive
105,HINDUNILVR,EQ,2017-10-13,1241.0,1238.0,1253.0,1231.2,1248.05,1248.6,1243.33,840717,1045285489.8,32424,400088,47.59,2017,10,1049719246.1999999,0.6124093473005576,Slight Positive
106,HINDUNILVR,EQ,2017-10-16,1248.6,1250.0,1287.5,1249.95,1281.35,1281.3,1275.9,1276141,1628234663.35,50876,779912,61.11,2017,10,1635119463.3,2.6189332051898218,Positive
107,HINDUNILVR,EQ,2017-10-17,1281.3,1285.0,1288.65,1271.0,1281.45,1282.15,1277.15,654497,835890231.25,27514,428982,65.54,2017,10,839163328.5500001,0.06633887458051824,Slight or No Change
108,HINDUNILVR,EQ,2017-10-18,1282.15,1277.0,1282.6,1260.0,1265.0,1263.95,1268.41,697765,885053145.45,28672,446105,63.93,2017,10,881940071.75,-1.4194906992161638,Negative
109,HINDUNILVR,EQ,2017-10-19,1263.95,1265.0,1270.0,1253.7,1255.0,1257.7,1260.69,67835,85518787.95,2845,18698,27.56,2017,10,85316079.5,-0.49448158550575716,Slight or No Change
110,HINDUNILVR,EQ,2017-10-23,1257.7,1266.0,1277.6,1238.6,1253.0,1249.95,1257.01,791883,995402479.75,71314,534469,67.49,2017,10,989814155.85,-0.616204182237412,Slight Negative
111,HINDUNILVR,EQ,2017-10-24,1249.95,1254.9,1274.0,1254.0,1271.95,1270.05,1266.52,1055569,1336899672.35,44550,752527,71.29,2017,10,1340625408.45,1.6080643225728997,Positive
112,HINDUNILVR,EQ,2017-10-25,1270.05,1281.0,1283.4,1265.1,1274.75,1272.45,1274.15,1332232,1697458300.0,56629,825270,61.95,2017,10,1695198608.4,0.18896893823079353,Slight or No Change
113,HINDUNILVR,EQ,2017-10-26,1272.45,1285.0,1285.0,1253.5,1268.85,1273.7,1267.26,2321903,2942448440.15,55747,1610722,69.37,2017,10,2957407851.1,0.09823568706039953,Slight or No Change
114,HINDUNILVR,EQ,2017-10-27,1273.7,1273.7,1273.7,1246.0,1257.65,1260.15,1255.56,875032,1098657080.6,36379,548797,62.72,2017,10,1102671574.8000002,-1.0638297872340385,Negative
115,HINDUNILVR,EQ,2017-10-30,1260.15,1260.0,1269.45,1230.0,1237.7,1234.2,1247.94,1063165,1326768257.15,26269,786826,74.01,2017,10,1312158243.0,-2.05927865730271,Negative
116,HINDUNILVR,EQ,2017-10-31,1234.2,1241.0,1249.9,1230.45,1239.0,1237.45,1239.06,722440,895143322.55,26200,470173,65.08,2017,10,893983378.0,0.2633284718846163,Slight or No Change
117,HINDUNILVR,EQ,2017-11-01,1237.45,1238.7,1263.0,1238.0,1261.0,1258.0,1254.13,1243886,1559996174.6,26299,864329,69.49,2017,11,1564808588.0,1.660673158511461,Positive
118,HINDUNILVR,EQ,2017-11-02,1258.0,1261.0,1261.05,1238.05,1242.0,1241.5,1244.68,762274,948787093.8,26555,523514,68.68,2017,11,946363171.0,-1.3116057233704348,Negative
119,HINDUNILVR,EQ,2017-11-03,1241.5,1245.0,1245.0,1232.0,1240.0,1239.5,1237.99,656886,813220787.05,28697,445848,67.87,2017,11,814210197.0,-0.161095449053561,Slight or No Change
120,HINDUNILVR,EQ,2017-11-06,1239.5,1239.0,1249.5,1234.95,1241.0,1240.6,1240.86,532305,660513923.9,24006,364556,68.49,2017,11,660377583.0,0.08874546187978005,Slight or No Change
121,HINDUNILVR,EQ,2017-11-07,1240.6,1235.1,1252.2,1226.35,1239.75,1234.2,1235.46,949224,1172727953.35,25417,668851,70.46,2017,11,1171532260.8,-0.5158794131871591,Slight Negative
122,HINDUNILVR,EQ,2017-11-08,1234.2,1240.35,1247.9,1228.6,1240.0,1235.3,1236.41,872203,1078401083.15,48852,646734,74.15,2017,11,1077432365.8999999,0.08912655971478056,Slight or No Change
123,HINDUNILVR,EQ,2017-11-09,1235.3,1249.5,1286.05,1241.2,1255.0,1252.9,1255.91,1417669,1780458721.65,38903,660631,46.6,2017,11,1776197490.1000001,1.4247551202137165,Positive
124,HINDUNILVR,EQ,2017-11-10,1252.9,1254.65,1299.25,1244.3,1292.0,1290.65,1277.42,1933002,2469260778.45,47760,1118577,57.87,2017,11,2494829031.3,3.0130098172240327,Among Top Gainers
125,HINDUNILVR,EQ,2017-11-13,1290.65,1295.0,1315.0,1269.25,1275.0,1279.5,1298.04,1413270,1834486578.85,88573,662306,46.86,2017,11,1808278965.0,-0.8639057839073372,Slight Negative
126,HINDUNILVR,EQ,2017-11-14,1279.5,1286.1,1289.0,1279.25,1283.25,1283.9,1283.59,1131348,1452187028.8,61596,895077,79.12,2017,11,1452537697.2,0.3438843298163352,Slight or No Change
127,HINDUNILVR,EQ,2017-11-15,1283.9,1283.9,1285.0,1258.55,1269.35,1265.0,1267.97,1195740,1516165559.9,32401,929571,77.74,2017,11,1512611100.0,-1.4720772645844815,Negative
128,HINDUNILVR,EQ,2017-11-16,1265.0,1270.0,1287.0,1246.15,1279.05,1276.5,1271.35,911479,1158808450.1,35057,585096,64.19,2017,11,1163502943.5,0.9090909090909038,Slight Positive
129,HINDUNILVR,EQ,2017-11-17,1276.5,1282.0,1297.4,1271.3,1276.3,1278.15,1281.24,1134503,1453566536.65,47149,838242,73.89,2017,11,1450065009.45,0.12925969447710184,Slight or No Change
130,HINDUNILVR,EQ,2017-11-20,1278.15,1280.0,1281.15,1266.15,1276.0,1274.5,1272.71,707096,899925479.3,36483,526689,74.49,2017,11,901193852.0,-0.2855689864256994,Slight or No Change
131,HINDUNILVR,EQ,2017-11-21,1274.5,1275.0,1285.0,1272.0,1274.65,1277.35,1277.96,828746,1059104251.9,31949,557423,67.26,2017,11,1058598703.0999999,0.22361710474694263,Slight or No Change
132,HINDUNILVR,EQ,2017-11-22,1277.35,1275.0,1277.0,1263.65,1270.35,1270.45,1269.9,646368,820821329.25,27523,444126,68.71,2017,11,821178225.6,-0.5401808431518274,Slight Negative
133,HINDUNILVR,EQ,2017-11-23,1270.45,1275.0,1276.0,1262.0,1270.9,1267.5,1267.79,891839,1130661198.25,17184,711513,79.78,2017,11,1130405932.5,-0.23220118855523664,Slight or No Change
134,HINDUNILVR,EQ,2017-11-24,1267.5,1269.4,1270.0,1253.0,1266.0,1265.95,1264.4,971523,1228393483.9,46834,692118,71.24,2017,11,1229899541.8500001,-0.12228796844181433,Slight or No Change
135,HINDUNILVR,EQ,2017-11-27,1265.95,1261.0,1266.9,1250.55,1261.5,1260.3,1256.15,763155,958637751.95,34131,539588,70.7,2017,11,961804246.5,-0.4463051463328038,Slight or No Change
136,HINDUNILVR,EQ,2017-11-28,1260.3,1263.0,1272.95,1262.4,1267.4,1267.85,1266.79,975006,1235130804.5,31178,742822,76.19,2017,11,1236161357.1,0.5990637149885014,Slight Positive
137,HINDUNILVR,EQ,2017-11-29,1267.85,1267.85,1281.1,1263.5,1276.0,1276.15,1275.46,819468,1045199146.25,44419,515840,62.95,2017,11,1045764088.2,0.6546515755018412,Slight Positive
138,HINDUNILVR,EQ,2017-11-30,1276.15,1273.0,1276.15,1258.0,1271.2,1272.45,1270.7,2308732,2933712023.6,69378,1789552,77.51,2017,11,2937746033.4,-0.28993456882028257,Slight or No Change
139,HINDUNILVR,EQ,2017-12-01,1272.45,1272.45,1278.75,1245.25,1245.3,1250.5,1258.71,470360,592045735.9,19355,284428,60.47,2017,12,588185180.0,-1.725018664780542,Negative
140,HINDUNILVR,EQ,2017-12-04,1250.5,1256.65,1274.0,1241.2,1268.0,1268.6,1263.06,833814,1053160028.65,46969,580373,69.6,2017,12,1057776440.4,1.4474210315873481,Positive
141,HINDUNILVR,EQ,2017-12-05,1268.6,1274.0,1274.0,1255.0,1262.45,1261.0,1261.92,862459,1088358455.35,40860,625974,72.58,2017,12,1087560799.0,-0.5990856061800387,Slight Negative
142,HINDUNILVR,EQ,2017-12-06,1261.0,1258.25,1282.3,1255.6,1274.9,1275.6,1268.56,1516859,1924230824.45,73596,1012111,66.72,2017,12,1934905340.3999999,1.1578112609040403,Positive
143,HINDUNILVR,EQ,2017-12-07,1275.6,1277.2,1298.85,1272.05,1296.0,1291.95,1284.89,1407824,1808894519.0,58724,977072,69.4,2017,12,1818838216.8,1.2817497648165643,Positive
144,HINDUNILVR,EQ,2017-12-08,1291.95,1296.4,1331.0,1291.3,1318.0,1326.65,1316.11,1267860,1668638355.4,48200,829342,65.41,2017,12,1682006469.0,2.6858624559773947,Positive
145,HINDUNILVR,EQ,2017-12-11,1326.65,1329.0,1329.0,1311.65,1324.05,1324.05,1320.99,597953,789888287.2,33155,371107,62.06,2017,12,791719669.65,-0.19598236158746563,Slight or No Change
146,HINDUNILVR,EQ,2017-12-12,1324.05,1319.1,1324.0,1308.65,1315.0,1314.65,1316.91,873443,1150247848.65,31604,571802,65.47,2017,12,1148271839.95,-0.7099429779842015,Slight Negative
147,HINDUNILVR,EQ,2017-12-13,1314.65,1319.4,1337.0,1306.2,1320.0,1315.05,1319.35,917877,1210999916.05,21262,398348,43.4,2017,12,1207054148.85,0.03042634921841536,Slight or No Change
148,HINDUNILVR,EQ,2017-12-14,1315.05,1314.0,1326.85,1304.25,1321.1,1321.6,1315.39,834383,1097536915.3,32644,611587,73.3,2017,12,1102720572.8,0.49807992091555064,Slight or No Change
149,HINDUNILVR,EQ,2017-12-15,1321.6,1328.3,1335.0,1310.6,1323.3,1324.55,1322.7,1420357,1878709412.55,59459,1033307,72.75,2017,12,1881333864.35,0.22321428571427937,Slight or No Change
150,HINDUNILVR,EQ,2017-12-18,1324.55,1320.0,1345.0,1300.95,1333.0,1331.75,1330.49,918171,1221618801.65,39163,533237,58.08,2017,12,1222774229.25,0.5435808387754371,Slight Positive
151,HINDUNILVR,EQ,2017-12-19,1331.75,1333.1,1352.0,1326.5,1352.0,1349.7,1340.82,1227087,1645305961.15,43850,955358,77.86,2017,12,1656199323.9,1.3478505725549095,Positive
152,HINDUNILVR,EQ,2017-12-20,1349.7,1346.2,1367.95,1333.5,1367.15,1362.65,1353.38,1198943,1622623601.45,63330,821781,68.54,2017,12,1633739678.95,0.9594724753648975,Slight Positive
153,HINDUNILVR,EQ,2017-12-21,1362.65,1365.0,1365.15,1345.1,1346.45,1348.45,1350.24,557871,753259232.0,25809,358001,64.17,2017,12,752261149.95,-1.0420871096760043,Negative
154,HINDUNILVR,EQ,2017-12-22,1348.45,1341.3,1359.5,1341.3,1350.4,1356.5,1354.47,561400,760400728.5,35762,349208,62.2,2017,12,761539100.0,0.5969817197523097,Slight Positive
155,HINDUNILVR,EQ,2017-12-26,1356.5,1350.4,1353.9,1340.0,1348.0,1348.1,1347.23,913529,1230733171.2,20283,621059,67.98,2017,12,1231528444.8999999,-0.6192406929598326,Slight Negative
156,HINDUNILVR,EQ,2017-12-27,1348.1,1350.8,1364.0,1342.65,1349.1,1352.45,1356.7,569851,773117277.7,17363,299659,52.59,2017,12,770694984.95,0.3226763593205284,Slight or No Change
157,HINDUNILVR,EQ,2017-12-28,1352.45,1358.0,1382.8,1348.8,1351.45,1354.5,1361.14,2608574,3550646825.5,30065,1685072,64.6,2017,12,3533313483.0,0.15157676808754683,Slight or No Change
158,HINDUNILVR,EQ,2017-12-29,1354.5,1359.0,1374.9,1350.0,1362.25,1367.85,1366.33,799006,1091708127.0,23341,511548,64.02,2017,12,1092920357.1,0.9856035437430632,Slight Positive
159,HINDUNILVR,EQ,2018-01-01,1367.85,1367.0,1367.0,1340.05,1345.0,1344.5,1348.38,746852,1007039281.0,16383,475067,63.61,2018,1,1004142514.0,-1.7070585224988055,Negative
160,HINDUNILVR,EQ,2018-01-02,1344.5,1345.0,1349.8,1328.55,1340.0,1338.6,1336.39,695988,930110392.7,29566,470505,67.6,2018,1,931649536.8,-0.43882484194868177,Slight or No Change
161,HINDUNILVR,EQ,2018-01-03,1338.6,1344.7,1356.8,1335.0,1347.0,1350.35,1350.11,832810,1124388212.2,26785,541454,65.02,2018,1,1124584983.5,0.8777827581054831,Slight Positive
162,HINDUNILVR,EQ,2018-01-04,1350.35,1350.1,1356.15,1341.45,1349.0,1352.25,1350.13,640189,864335495.05,25541,470266,73.46,2018,1,865695575.25,0.14070426185803786,Slight or No Change
163,HINDUNILVR,EQ,2018-01-05,1352.25,1351.0,1362.95,1348.25,1352.65,1356.55,1355.7,568451,770651233.05,17938,368125,64.76,2018,1,771132204.05,0.31798853762248225,Slight or No Change
164,HINDUNILVR,EQ,2018-01-08,1356.55,1348.6,1371.0,1348.6,1370.0,1368.4,1363.11,801796,1092939507.05,28669,536934,66.97,2018,1,1097177646.4,0.8735394935682539,Slight Positive
165,HINDUNILVR,EQ,2018-01-09,1368.4,1374.0,1375.9,1356.0,1361.35,1361.3,1364.12,708386,966326814.65,24175,489605,69.12,2018,1,964325861.8,-0.5188541362174948,Slight Negative
166,HINDUNILVR,EQ,2018-01-10,1361.3,1361.35,1370.0,1355.0,1362.05,1365.8,1365.6,939525,1283014662.55,21615,597876,63.64,2018,1,1283203245.0,0.3305663703812467,Slight or No Change
167,HINDUNILVR,EQ,2018-01-11,1365.8,1357.0,1382.9,1357.0,1377.95,1378.65,1372.85,629248,863861316.95,50412,347986,55.3,2018,1,867512755.2,0.9408405330209479,Slight Positive
168,HINDUNILVR,EQ,2018-01-12,1378.65,1380.8,1384.4,1357.0,1371.65,1374.0,1370.9,872539,1196160843.05,55432,557190,63.86,2018,1,1198868586.0,-0.33728647590034466,Slight or No Change
169,HINDUNILVR,EQ,2018-01-15,1374.0,1375.6,1375.6,1364.0,1367.1,1367.2,1368.37,1324592,1812531485.5,29577,1050008,79.27,2018,1,1810982182.4,-0.49490538573507825,Slight or No Change
170,HINDUNILVR,EQ,2018-01-16,1367.2,1369.3,1389.5,1363.75,1385.55,1382.0,1378.87,896453,1236089037.1,41528,414063,46.19,2018,1,1238898046.0,1.0825043885313024,Positive
171,HINDUNILVR,EQ,2018-01-17,1382.0,1389.0,1391.0,1366.25,1375.85,1371.2,1374.9,1409691,1938177295.55,39219,826817,58.65,2018,1,1932968299.2,-0.7814761215629518,Slight Negative
172,HINDUNILVR,EQ,2018-01-18,1371.2,1400.0,1406.9,1350.6,1359.0,1356.95,1371.16,2465412,3380482998.8,74335,1005255,40.77,2018,1,3345440813.4,-1.0392357059509916,Negative
173,HINDUNILVR,EQ,2018-01-19,1356.95,1370.4,1372.85,1350.05,1363.4,1362.45,1358.95,1491194,2026451855.0,50332,1088995,73.03,2018,1,2031677265.3,0.4053207561074412,Slight or No Change
174,HINDUNILVR,EQ,2018-01-22,1362.45,1363.0,1365.0,1346.45,1356.9,1355.1,1354.35,1014403,1373858237.95,50524,755117,74.44,2018,1,1374617505.3,-0.5394693383243498,Slight Negative
175,HINDUNILVR,EQ,2018-01-23,1355.1,1360.7,1372.35,1350.05,1370.0,1368.35,1359.79,1284895,1747183875.3,66923,851779,66.29,2018,1,1758186073.25,0.9777876171500166,Slight Positive
176,HINDUNILVR,EQ,2018-01-24,1368.35,1368.0,1372.0,1335.05,1364.1,1365.9,1350.64,1819330,2457252980.7,36855,1179310,64.82,2018,1,2485022847.0,-0.17904775824897357,Slight or No Change
177,HINDUNILVR,EQ,2018-01-25,1365.9,1368.9,1378.0,1359.55,1370.25,1372.75,1371.15,2125894,2914917384.5,40884,1233347,58.02,2018,1,2918320988.5,0.5015008419357203,Slight Positive
178,HINDUNILVR,EQ,2018-01-29,1372.75,1370.0,1400.0,1367.2,1395.7,1397.3,1390.72,1406390,1955901617.05,44505,1071414,76.18,2018,1,1965148747.0,1.7883809870697487,Positive
179,HINDUNILVR,EQ,2018-01-30,1397.3,1397.3,1410.0,1390.1,1400.05,1400.25,1398.81,1310365,1832946368.95,52342,968350,73.9,2018,1,1834838591.25,0.21112144850783388,Slight or No Change
180,HINDUNILVR,EQ,2018-01-31,1400.25,1400.0,1400.0,1362.6,1365.3,1369.35,1374.26,1491912,2050281975.0,41100,1046008,70.11,2018,1,2042949697.1999998,-2.206748794858071,Negative
181,HINDUNILVR,EQ,2018-02-01,1369.35,1373.0,1384.8,1351.0,1367.9,1371.25,1369.28,1563429,2140768262.05,66180,903751,57.81,2018,2,2143852016.25,0.13875196260999534,Slight or No Change
182,HINDUNILVR,EQ,2018-02-02,1371.25,1352.0,1377.9,1352.0,1372.0,1372.2,1364.77,1699619,2319591945.1,52968,1243517,73.16,2018,2,2332217191.8,0.06927985414768578,Slight or No Change
183,HINDUNILVR,EQ,2018-02-05,1372.2,1352.1,1361.45,1341.25,1358.0,1355.75,1348.72,1585136,2137904606.1,56563,984059,62.08,2018,2,2149048132.0,-1.198804838944767,Negative
184,HINDUNILVR,EQ,2018-02-06,1355.75,1300.0,1348.5,1299.0,1327.85,1325.35,1319.99,1540401,2033321209.8,64484,948739,61.59,2018,2,2041570465.35,-2.242301309238437,Negative
185,HINDUNILVR,EQ,2018-02-07,1325.35,1322.0,1330.0,1307.05,1316.0,1312.65,1314.91,1561287,2052949901.25,48100,1003489,64.27,2018,2,2049423380.5500002,-0.9582374467121735,Slight Negative
186,HINDUNILVR,EQ,2018-02-08,1312.65,1325.7,1337.55,1305.25,1334.2,1329.55,1328.81,1146084,1522925212.3,48868,766755,66.9,2018,2,1523775982.2,1.287471907972404,Positive
187,HINDUNILVR,EQ,2018-02-09,1329.55,1319.0,1340.0,1311.8,1336.0,1333.05,1324.46,810004,1072816199.7,37157,554347,68.44,2018,2,1079775832.2,0.2632469632582346,Slight or No Change
188,HINDUNILVR,EQ,2018-02-12,1333.05,1340.0,1349.9,1333.15,1337.0,1344.45,1342.09,1166428,1565450923.9,29286,900640,77.21,2018,2,1568204124.6000001,0.8551817261168049,Slight Positive
189,HINDUNILVR,EQ,2018-02-14,1344.45,1349.8,1353.2,1332.0,1347.1,1349.4,1346.9,857401,1154831367.3,32060,636456,74.23,2018,2,1156976909.4,0.36818029677563313,Slight or No Change
190,HINDUNILVR,EQ,2018-02-15,1349.4,1353.0,1364.45,1338.75,1361.4,1358.15,1354.05,844856,1143974154.85,30263,597057,70.67,2018,2,1147441176.4,0.6484363420779626,Slight Positive
191,HINDUNILVR,EQ,2018-02-16,1358.15,1364.0,1364.0,1348.0,1352.7,1352.1,1352.1,1091144,1475334377.35,27733,815446,74.73,2018,2,1475335802.3999999,-0.4454588962927608,Slight or No Change
192,HINDUNILVR,EQ,2018-02-19,1352.1,1359.0,1359.0,1328.8,1335.15,1335.9,1337.13,495950,663151723.3,21544,258620,52.15,2018,2,662539605.0,-1.1981362325271694,Negative
193,HINDUNILVR,EQ,2018-02-20,1335.9,1332.15,1343.35,1327.85,1332.9,1331.8,1332.92,688130,917224029.35,31226,519931,75.56,2018,2,916451534.0,-0.3069091997904172,Slight or No Change
194,HINDUNILVR,EQ,2018-02-21,1331.8,1339.0,1339.0,1323.0,1333.0,1330.6,1328.93,1406451,1869076546.7,52543,1122315,79.8,2018,2,1871423700.6,-0.0901036191620408,Slight or No Change
195,HINDUNILVR,EQ,2018-02-22,1330.6,1330.1,1333.8,1313.25,1324.25,1326.45,1322.5,2173259,2874137297.85,51927,1559779,71.77,2018,2,2882719400.55,-0.3118893732150796,Slight or No Change
196,HINDUNILVR,EQ,2018-02-23,1326.45,1326.5,1331.6,1320.2,1321.55,1323.15,1324.27,896708,1187483117.5,34564,667092,74.39,2018,2,1186479190.2,-0.2487843492027575,Slight or No Change
197,HINDUNILVR,EQ,2018-02-26,1323.15,1316.25,1338.4,1316.25,1332.85,1333.3,1331.68,1109668,1477727321.0,36605,911786,82.17,2018,2,1479520344.3999999,0.7671087934096654,Slight Positive
198,HINDUNILVR,EQ,2018-02-27,1333.3,1340.0,1352.5,1334.1,1346.5,1346.35,1345.75,1316559,1771754745.7,33287,1038120,78.85,2018,2,1772549209.6499999,0.9787744693617206,Slight Positive
199,HINDUNILVR,EQ,2018-02-28,1346.35,1338.4,1338.5,1311.0,1314.45,1317.75,1323.12,1862621,2464467119.6,48077,1485549,79.76,2018,2,2454468822.75,-2.1242618932669766,Negative
200,HINDUNILVR,EQ,2018-03-01,1317.75,1320.0,1329.0,1314.25,1325.0,1324.25,1322.23,961945,1271908612.0,31588,664200,69.05,2018,3,1273855666.25,0.4932650350977008,Slight or No Change
201,HINDUNILVR,EQ,2018-03-05,1324.25,1320.0,1320.95,1293.75,1300.85,1299.75,1299.37,842790,1095092521.1,29191,592144,70.26,2018,3,1095416302.5,-1.850103832357941,Negative
202,HINDUNILVR,EQ,2018-03-06,1299.75,1300.0,1307.9,1289.2,1293.2,1293.2,1301.38,738512,961083433.95,33643,518962,70.27,2018,3,955043718.4,-0.5039430659742217,Slight Negative
203,HINDUNILVR,EQ,2018-03-07,1293.2,1293.05,1307.6,1291.1,1297.0,1293.85,1296.69,917890,1190220924.55,28078,698821,76.13,2018,3,1187611976.5,0.05026291370242575,Slight or No Change
204,HINDUNILVR,EQ,2018-03-08,1293.85,1300.0,1305.55,1284.2,1293.45,1293.15,1291.87,739272,955044279.7,15188,438457,59.31,2018,3,955989586.8000001,-0.05410209838851987,Slight or No Change
205,HINDUNILVR,EQ,2018-03-09,1293.15,1295.0,1303.0,1286.1,1302.85,1300.75,1297.29,852176,1105522636.0,33186,627404,73.62,2018,3,1108467932.0,0.5877121756949988,Slight Positive
206,HINDUNILVR,EQ,2018-03-12,1300.75,1305.0,1327.95,1294.05,1325.75,1324.2,1312.6,874857,1148334647.65,22007,632128,72.26,2018,3,1158485639.4,1.802806073419183,Positive
207,HINDUNILVR,EQ,2018-03-13,1324.2,1324.9,1331.45,1313.7,1317.4,1320.55,1323.48,1067772,1413170953.35,33424,788717,73.87,2018,3,1410046314.6,-0.27563812112975095,Slight or No Change
208,HINDUNILVR,EQ,2018-03-14,1320.55,1317.4,1325.0,1311.15,1318.0,1316.9,1319.27,760665,1003521067.25,28883,561214,73.78,2018,3,1001719738.5000001,-0.27639998485478046,Slight or No Change
209,HINDUNILVR,EQ,2018-03-15,1316.9,1313.9,1320.0,1294.25,1300.0,1299.95,1307.36,536838,701843139.3,23324,334120,62.24,2018,3,697862558.1,-1.2871136760574164,Negative
210,HINDUNILVR,EQ,2018-03-16,1299.95,1303.0,1310.7,1281.1,1309.95,1299.15,1297.72,3646692,4732400867.4,63713,3019009,82.79,2018,3,4737599911.8,-0.06154082849340048,Slight or No Change
211,HINDUNILVR,EQ,2018-03-19,1299.15,1308.0,1318.2,1303.25,1312.0,1309.4,1310.78,1244199,1630867059.05,51570,827054,66.47,2018,3,1629154170.6000001,0.7889774083054357,Slight Positive
212,HINDUNILVR,EQ,2018-03-20,1309.4,1306.0,1320.5,1306.0,1314.55,1313.25,1313.66,1249242,1641079686.25,56195,954063,76.37,2018,3,1640567056.5,0.2940277989919027,Slight or No Change
213,HINDUNILVR,EQ,2018-03-21,1313.25,1313.25,1323.1,1305.0,1317.0,1315.6,1316.31,1698614,2235910391.5,44203,1324624,77.98,2018,3,2234696578.3999996,0.17894536455358434,Slight or No Change
214,HINDUNILVR,EQ,2018-03-22,1315.6,1312.5,1320.5,1309.05,1312.9,1311.85,1311.92,950972,1247598556.8,52957,717285,75.43,2018,3,1247532618.1999998,-0.28504104591060564,Slight or No Change
215,HINDUNILVR,EQ,2018-03-23,1311.85,1290.0,1314.0,1283.8,1297.0,1301.65,1298.37,1301609,1689972398.3,64313,842190,64.7,2018,3,1694239354.8500001,-0.7775279185882389,Slight Negative
216,HINDUNILVR,EQ,2018-03-26,1301.65,1303.0,1329.9,1298.0,1324.5,1324.3,1317.72,1032138,1360067556.9,53233,706786,68.48,2018,3,1366860353.3999999,1.740099104982118,Positive
217,HINDUNILVR,EQ,2018-03-27,1324.3,1339.0,1340.0,1321.15,1331.0,1332.8,1333.16,1040328,1386921726.7,39747,762265,73.27,2018,3,1386549158.3999999,0.6418485237484006,Slight Positive
218,HINDUNILVR,EQ,2018-03-28,1332.8,1326.05,1339.4,1322.2,1335.4,1333.35,1333.31,1337677,1783539491.7,53838,904501,67.62,2018,3,1783591627.9499998,0.04126650660263298,Slight or No Change
219,HINDUNILVR,EQ,2018-04-02,1333.35,1315.0,1360.55,1315.0,1357.0,1351.3,1337.86,708747,948200869.05,42754,447283,63.11,2018,4,957729821.1,1.3462331720853538,Positive
220,HINDUNILVR,EQ,2018-04-03,1351.3,1347.1,1355.5,1338.65,1348.0,1348.4,1344.06,979726,1316807744.4,53886,754899,77.05,2018,4,1321062538.4,-0.2146081551098855,Slight or No Change
221,HINDUNILVR,EQ,2018-04-04,1348.4,1348.0,1360.0,1339.55,1358.0,1357.45,1352.9,912607,1234666527.2,61354,709438,77.74,2018,4,1238818372.15,0.6711658261643327,Slight Positive
222,HINDUNILVR,EQ,2018-04-05,1357.45,1380.0,1383.8,1362.7,1382.95,1382.2,1375.38,588716,809709192.2,21116,355642,60.41,2018,4,813723255.2,1.8232715753803141,Positive
223,HINDUNILVR,EQ,2018-04-06,1382.2,1381.95,1381.95,1362.45,1375.0,1374.8,1371.58,633937,869493671.7,24800,355621,56.1,2018,4,871536587.6,-0.535378382289109,Slight Negative
224,HINDUNILVR,EQ,2018-04-09,1374.8,1367.95,1396.4,1367.5,1395.5,1391.6,1387.27,923543,1281205841.1,45419,553137,59.89,2018,4,1285202438.8,1.2219959266802416,Positive
225,HINDUNILVR,EQ,2018-04-10,1391.6,1398.8,1402.8,1387.0,1390.25,1391.5,1392.16,969036,1349050649.95,34357,764077,78.85,2018,4,1348413594.0,-0.007185972980738864,Slight or No Change
226,HINDUNILVR,EQ,2018-04-11,1391.5,1393.0,1420.5,1385.55,1406.0,1409.15,1406.67,1015714,1428771071.75,32889,624986,61.53,2018,4,1431293383.1000001,1.2684153790873287,Positive
227,HINDUNILVR,EQ,2018-04-12,1409.15,1408.0,1416.0,1397.1,1412.0,1412.75,1406.2,510556,717942270.9,25054,294295,57.64,2018,4,721287989.0,0.2554731575772573,Slight or No Change
228,HINDUNILVR,EQ,2018-04-13,1412.75,1412.0,1413.85,1399.2,1411.9,1410.55,1406.09,534981,752229295.8,24995,238909,44.66,2018,4,754617449.55,-0.1557246505043408,Slight or No Change
229,HINDUNILVR,EQ,2018-04-16,1410.55,1408.9,1423.2,1404.85,1419.05,1419.5,1414.59,325041,459799977.05,16700,144243,44.38,2018,4,461395699.5,0.6345042713834959,Slight Positive
230,HINDUNILVR,EQ,2018-04-17,1419.5,1420.5,1450.5,1419.8,1450.5,1445.55,1438.77,1176082,1692114287.5,56561,826044,70.24,2018,4,1700085335.1,1.8351532229658352,Positive
231,HINDUNILVR,EQ,2018-04-18,1445.55,1450.5,1456.15,1440.0,1450.0,1450.5,1449.94,765225,1109529064.2,36806,531300,69.43,2018,4,1109958862.5,0.3424302168724802,Slight or No Change
232,HINDUNILVR,EQ,2018-04-19,1450.5,1451.4,1467.9,1448.35,1455.5,1454.2,1454.72,682820,993309785.4,29280,367654,53.84,2018,4,992956844.0,0.2550844536366892,Slight or No Change
233,HINDUNILVR,EQ,2018-04-20,1454.2,1442.0,1472.15,1441.2,1472.15,1467.8,1455.55,674146,981251051.35,30418,354346,52.56,2018,4,989511498.8,0.9352221152523654,Slight Positive
234,HINDUNILVR,EQ,2018-04-23,1467.8,1471.0,1471.0,1450.0,1452.8,1452.75,1455.1,395622,575670581.2,30417,225848,57.09,2018,4,574739860.5,-1.0253440523232071,Negative
235,HINDUNILVR,EQ,2018-04-24,1452.75,1464.0,1469.75,1445.7,1458.3,1459.65,1454.35,1218174,1771651519.9,33812,932837,76.58,2018,4,1778107679.1000001,0.4749612803304215,Slight or No Change
236,HINDUNILVR,EQ,2018-04-25,1459.65,1459.0,1463.0,1449.05,1463.0,1459.2,1454.79,504777,734343157.95,18593,359834,71.29,2018,4,736570598.4,-0.030829308395852184,Slight or No Change
237,HINDUNILVR,EQ,2018-04-26,1459.2,1463.0,1498.6,1459.85,1488.15,1491.25,1479.86,1321586,1955766206.55,47695,829359,62.75,2018,4,1970815122.5,2.1964089912280604,Positive
238,HINDUNILVR,EQ,2018-04-27,1491.25,1491.25,1497.5,1469.9,1476.95,1473.95,1479.83,818770,1211639258.35,40416,451793,55.18,2018,4,1206826041.5,-1.1601005867560743,Negative
239,HINDUNILVR,EQ,2018-04-30,1473.95,1475.0,1513.55,1474.55,1502.0,1508.9,1500.69,612159,918659404.7,34625,324416,53.0,2018,4,923686715.1,2.3711794837002698,Positive
240,HINDUNILVR,EQ,2018-05-02,1508.9,1512.0,1514.0,1464.65,1471.0,1471.95,1482.49,1047583,1553030023.35,48062,704071,67.21,2018,5,1541989796.8500001,-2.4488037643316307,Negative
241,HINDUNILVR,EQ,2018-05-03,1471.95,1465.6,1468.95,1441.6,1449.0,1452.2,1451.68,1243694,1805445601.75,42105,895199,71.98,2018,5,1806092426.8,-1.3417575325248787,Negative
242,HINDUNILVR,EQ,2018-05-04,1452.2,1455.0,1471.0,1447.65,1467.0,1464.2,1462.46,586841,858230112.4,19829,383948,65.43,2018,5,859252592.2,0.8263324610935152,Slight Positive
243,HINDUNILVR,EQ,2018-05-07,1464.2,1472.4,1502.0,1465.0,1496.05,1497.9,1493.07,887065,1324452743.4,26194,518842,58.49,2018,5,1328734663.5,2.3015981423302856,Positive
244,HINDUNILVR,EQ,2018-05-08,1497.9,1494.0,1504.8,1478.5,1496.9,1496.05,1494.94,906975,1355869337.1,38121,619269,68.28,2018,5,1356879948.75,-0.12350624207224659,Slight or No Change
245,HINDUNILVR,EQ,2018-05-09,1496.05,1496.9,1511.0,1486.25,1498.0,1496.0,1498.62,759263,1137848881.1,36534,441072,58.09,2018,5,1135857448.0,-0.0033421342869544013,Slight or No Change
246,HINDUNILVR,EQ,2018-05-10,1496.0,1494.0,1506.85,1480.0,1484.85,1486.5,1492.6,932116,1391273954.45,25964,642019,68.88,2018,5,1385590434.0,-0.6350267379679142,Slight Negative
247,HINDUNILVR,EQ,2018-05-11,1486.5,1489.0,1506.0,1485.1,1505.0,1504.1,1498.41,591179,885827140.7,34422,351744,59.5,2018,5,889192333.9,1.1839892364614801,Positive
248,HINDUNILVR,EQ,2018-05-14,1504.1,1515.0,1521.2,1494.05,1504.35,1503.55,1503.4,1479249,2223907832.55,57907,735911,49.75,2018,5,2224124833.95,-0.036566717638453206,Slight or No Change
249,HINDUNILVR,EQ,2018-05-15,1503.55,1530.0,1542.4,1510.5,1516.2,1515.5,1524.08,3239290,4936934079.75,105652,1076819,33.24,2018,5,4909143995.0,0.7947856739050962,Slight Positive
250,HINDUNILVR,EQ,2018-05-16,1515.5,1509.0,1582.4,1506.6,1574.15,1574.1,1556.14,2420630,3766831617.25,108533,900725,37.21,2018,5,3810313683.0,3.8667106565489773,Among Top Gainers
251,HINDUNILVR,EQ,2018-05-17,1574.1,1574.1,1596.4,1560.25,1563.25,1569.8,1581.28,2082393,3292837716.05,72852,931418,44.73,2018,5,3268940531.4,-0.2731719712851799,Slight or No Change
252,HINDUNILVR,EQ,2018-05-18,1569.8,1563.3,1612.5,1563.3,1609.0,1605.8,1595.09,2041908,3257033460.7,65427,959619,47.0,2018,5,3278895866.4,2.293285768887765,Positive
253,HINDUNILVR,EQ,2018-05-21,1605.8,1613.0,1619.4,1573.05,1575.7,1578.65,1593.71,1510806,2407783886.3,50381,861173,57.0,2018,5,2385033891.9,-1.6907460455847456,Negative
254,HINDUNILVR,EQ,2018-05-22,1578.65,1565.75,1588.95,1558.2,1577.0,1574.3,1570.66,1137466,1786570022.95,37305,626808,55.11,2018,5,1790712723.8,-0.275551895607018,Slight or No Change
255,HINDUNILVR,EQ,2018-05-23,1574.3,1567.0,1586.3,1561.0,1566.8,1568.1,1571.17,891664,1400959873.75,66052,570204,63.95,2018,5,1398218318.3999999,-0.3938258273518458,Slight or No Change
256,HINDUNILVR,EQ,2018-05-24,1568.1,1570.1,1571.65,1550.05,1567.0,1561.1,1558.3,915840,1427153476.65,39109,623245,68.05,2018,5,1429717824.0,-0.4464001020343056,Slight or No Change
257,HINDUNILVR,EQ,2018-05-25,1561.1,1566.0,1591.25,1557.3,1581.0,1575.75,1576.89,968884,1527821524.3,59932,455667,47.03,2018,5,1526718963.0,0.938440842995325,Slight Positive
258,HINDUNILVR,EQ,2018-05-28,1575.75,1585.0,1585.7,1576.0,1582.0,1582.85,1582.16,563972,892294239.35,39340,297630,52.77,2018,5,892683080.1999999,0.45057908932253365,Slight or No Change
259,HINDUNILVR,EQ,2018-05-29,1582.85,1575.55,1597.8,1563.7,1574.2,1572.7,1579.72,944652,1492286770.45,54990,459449,48.64,2018,5,1485654200.4,-0.6412483810847469,Slight Negative
260,HINDUNILVR,EQ,2018-05-30,1572.7,1569.5,1594.8,1557.0,1592.0,1585.8,1574.59,1089156,1714969276.2,48275,698456,64.13,2018,5,1727183584.8,0.8329624213136544,Slight Positive
261,HINDUNILVR,EQ,2018-05-31,1585.8,1595.0,1617.65,1579.7,1610.75,1611.45,1605.0,3315162,5320849963.3,119255,2418405,72.95,2018,5,5342217804.900001,1.6174801362088598,Positive
262,HINDUNILVR,EQ,2018-06-01,1611.45,1613.0,1624.4,1581.1,1583.8,1588.85,1598.28,1444570,2308822102.35,84874,951429,65.86,2018,6,2295205044.5,-1.4024636197213725,Negative
263,HINDUNILVR,EQ,2018-06-04,1588.85,1590.0,1590.0,1558.0,1560.3,1563.2,1569.46,857157,1345269791.9,48062,568206,66.29,2018,6,1339907822.4,-1.6143751770148151,Negative
264,HINDUNILVR,EQ,2018-06-05,1563.2,1564.0,1573.0,1547.05,1564.65,1562.8,1563.05,1531015,2393058500.45,90302,1134917,74.13,2018,6,2392670242.0,-0.025588536335729994,Slight or No Change
265,HINDUNILVR,EQ,2018-06-06,1562.8,1561.1,1579.0,1557.45,1569.5,1571.15,1568.87,1085135,1702432126.0,70304,770498,71.0,2018,6,1704909855.25,0.5342974148963453,Slight Positive
266,HINDUNILVR,EQ,2018-06-07,1571.15,1575.0,1606.7,1575.0,1597.25,1603.05,1596.01,1479204,2360818492.85,63901,1019910,68.95,2018,6,2371237972.2,2.0303599274416717,Positive
267,HINDUNILVR,EQ,2018-06-08,1603.05,1599.9,1601.25,1581.5,1590.35,1595.6,1593.85,760059,1211422159.85,39118,528207,69.5,2018,6,1212750140.3999999,-0.46473909110757994,Slight or No Change
268,HINDUNILVR,EQ,2018-06-11,1595.6,1596.0,1617.0,1584.4,1600.0,1601.4,1604.2,905198,1452122725.35,42433,540077,59.66,2018,6,1449584077.2,0.36349962396591273,Slight or No Change
269,HINDUNILVR,EQ,2018-06-12,1601.4,1604.8,1645.0,1590.4,1640.4,1638.45,1619.06,1707972,2765307093.95,54401,1173340,68.7,2018,6,2798426723.4,2.3136005994754516,Positive
270,HINDUNILVR,EQ,2018-06-13,1638.45,1644.0,1644.75,1619.5,1621.05,1621.2,1625.64,845842,1375036042.55,49791,465960,55.09,2018,6,1371279050.4,-1.0528243156641914,Negative
271,HINDUNILVR,EQ,2018-06-14,1621.2,1617.8,1644.0,1598.3,1620.0,1609.6,1608.43,1348038,2168219174.75,37281,874905,64.9,2018,6,2169801964.7999997,-0.7155193683691219,Slight Negative
272,HINDUNILVR,EQ,2018-06-15,1609.6,1590.0,1628.9,1590.0,1621.6,1621.3,1614.79,2101892,3394116013.95,78287,1519130,72.27,2018,6,3407797499.6,0.7268886679920428,Slight Positive
273,HINDUNILVR,EQ,2018-06-18,1621.3,1629.95,1639.0,1603.5,1604.0,1608.55,1619.1,846403,1370411939.85,41127,504429,59.6,2018,6,1361481545.6499999,-0.7864059705174897,Slight Negative
274,HINDUNILVR,EQ,2018-06-19,1608.55,1603.6,1612.0,1589.7,1604.95,1601.0,1598.23,1118708,1787947549.05,64755,738344,66.0,2018,6,1791051508.0,-0.46936682105001015,Slight or No Change
275,HINDUNILVR,EQ,2018-06-20,1601.0,1597.0,1617.6,1597.0,1603.5,1602.4,1607.29,1535703,2468315815.9,68423,1213162,79.0,2018,6,2460810487.2000003,0.08744534665834358,Slight or No Change
276,HINDUNILVR,EQ,2018-06-21,1602.4,1594.0,1610.5,1588.0,1591.5,1593.45,1599.81,1185462,1896508962.0,85679,778991,65.71,2018,6,1888974423.9,-0.5585371942086859,Slight Negative
277,HINDUNILVR,EQ,2018-06-22,1593.45,1592.0,1610.7,1581.0,1608.3,1608.1,1603.17,1098709,1761415607.2,67013,731193,66.55,2018,6,1766833942.8999999,0.9193887476858231,Slight Positive
278,HINDUNILVR,EQ,2018-06-25,1608.1,1616.0,1629.0,1607.4,1617.25,1615.15,1619.81,1082199,1752961671.65,57724,678272,62.68,2018,6,1747913714.8500001,0.43840557179279926,Slight or No Change
279,HINDUNILVR,EQ,2018-06-26,1615.15,1615.0,1630.8,1614.25,1621.9,1621.75,1623.39,759142,1232381332.15,52872,489445,64.47,2018,6,1231138538.5,0.4086307773271791,Slight or No Change
280,HINDUNILVR,EQ,2018-06-27,1621.75,1629.0,1656.65,1598.35,1608.0,1609.3,1633.54,2251405,3677766901.4,110713,1442656,64.08,2018,6,3623186066.5,-0.767689224603052,Slight Negative
281,HINDUNILVR,EQ,2018-06-28,1609.3,1610.0,1620.5,1596.0,1605.0,1602.75,1605.56,1177218,1890093027.7,53237,784373,66.63,2018,6,1886786149.5,-0.40700925868389914,Slight or No Change
282,HINDUNILVR,EQ,2018-06-29,1602.75,1605.45,1645.0,1605.45,1636.2,1641.15,1629.6,1722592,2807128862.2,79706,759348,44.08,2018,6,2827031860.8,2.3958820776790013,Positive
283,HINDUNILVR,EQ,2018-07-02,1641.15,1640.9,1647.75,1625.05,1645.0,1643.45,1639.0,1099574,1802200983.45,46770,708096,64.4,2018,7,1807094890.3,0.14014562958899468,Slight or No Change
284,HINDUNILVR,EQ,2018-07-03,1643.45,1645.0,1661.1,1635.0,1645.0,1643.5,1650.6,1381265,2279913464.35,67096,726069,52.57,2018,7,2270109027.5,0.003042380358397878,Slight or No Change
285,HINDUNILVR,EQ,2018-07-04,1643.5,1642.0,1682.4,1639.65,1677.0,1676.0,1661.45,1244751,2068093807.25,42099,690454,55.47,2018,7,2086202676.0,1.977487070276851,Positive
286,HINDUNILVR,EQ,2018-07-05,1676.0,1679.0,1692.35,1668.4,1690.95,1688.0,1681.35,1449303,2436791338.2,26791,1005928,69.41,2018,7,2446423464.0,0.7159904534606243,Slight Positive
287,HINDUNILVR,EQ,2018-07-06,1688.0,1689.0,1697.65,1672.4,1676.0,1678.3,1686.9,1458899,2461022761.4,67512,942236,64.59,2018,7,2448470191.7,-0.574644549763037,Slight Negative
288,HINDUNILVR,EQ,2018-07-09,1678.3,1682.0,1696.0,1674.0,1691.7,1691.9,1684.71,773248,1302701568.6,49790,481660,62.29,2018,7,1308258291.2,0.8103438002740937,Slight Positive
289,HINDUNILVR,EQ,2018-07-10,1691.9,1693.25,1698.85,1678.1,1688.0,1687.0,1687.42,1093651,1845449862.15,104973,756093,69.13,2018,7,1844989237.0,-0.2896152254861506,Slight or No Change
290,HINDUNILVR,EQ,2018-07-11,1687.0,1685.0,1721.0,1679.05,1717.9,1718.15,1709.79,1158397,1980617961.65,72543,593544,51.24,2018,7,1990299805.5500002,1.8464730290456588,Positive
291,HINDUNILVR,EQ,2018-07-12,1718.15,1720.0,1749.4,1718.25,1746.0,1742.35,1739.12,1471465,2559055994.85,91932,881194,59.89,2018,7,2563807042.75,1.4084916916450752,Positive
292,HINDUNILVR,EQ,2018-07-13,1742.35,1742.0,1750.05,1724.0,1743.1,1742.65,1738.95,976456,1698007670.7,57600,600261,61.47,2018,7,1701621048.4,0.017218124946194457,Slight or No Change
293,HINDUNILVR,EQ,2018-07-16,1742.65,1749.8,1779.0,1743.85,1759.95,1751.25,1762.14,2218046,3908513368.65,73096,835277,37.66,2018,7,3884353057.5,0.49350127679108624,Slight or No Change
294,HINDUNILVR,EQ,2018-07-17,1751.25,1767.0,1780.0,1678.2,1688.0,1681.7,1712.73,6188478,10599186992.05,165557,1262015,20.39,2018,7,10407163452.6,-3.971448965024982,Among Top Losers
295,HINDUNILVR,EQ,2018-07-18,1681.7,1693.0,1699.7,1627.0,1646.3,1643.75,1655.5,2372869,3928284339.1,103731,808727,34.08,2018,7,3900403418.75,-2.2566450615448708,Negative
296,HINDUNILVR,EQ,2018-07-19,1643.75,1651.9,1670.0,1643.65,1649.0,1647.45,1654.44,1457149,2410772434.6,88660,666550,45.74,2018,7,2400580120.05,0.22509505703423027,Slight or No Change
297,HINDUNILVR,EQ,2018-07-20,1647.45,1655.9,1671.45,1628.8,1655.85,1655.85,1653.2,1734748,2867882459.75,88779,856928,49.4,2018,7,2872482475.7999997,0.5098789037603524,Slight Positive
298,HINDUNILVR,EQ,2018-07-23,1655.85,1668.95,1702.95,1660.55,1691.25,1689.65,1686.82,1382893,2332696622.1,57853,531467,38.43,2018,7,2336605157.4500003,2.041247697557158,Positive
299,HINDUNILVR,EQ,2018-07-24,1689.65,1700.0,1709.7,1662.45,1668.0,1667.9,1679.97,1084438,1821826243.55,46479,461339,42.54,2018,7,1808734140.2,-1.2872488385168523,Negative
300,HINDUNILVR,EQ,2018-07-25,1667.9,1671.0,1679.45,1638.25,1654.0,1652.95,1651.34,1526620,2520967344.45,115600,979624,64.17,2018,7,2523426529.0,-0.8963367108339892,Slight Negative
301,HINDUNILVR,EQ,2018-07-26,1652.95,1655.0,1679.65,1645.05,1674.0,1669.95,1661.25,2088548,3469591204.05,59424,1108205,53.06,2018,7,3487770732.6,1.0284642608669348,Positive
302,HINDUNILVR,EQ,2018-07-27,1669.95,1670.0,1674.8,1641.45,1659.95,1659.0,1653.47,1030665,1704171379.1,37964,576121,55.9,2018,7,1709873235.0,-0.6557082547381632,Slight Negative
303,HINDUNILVR,EQ,2018-07-30,1659.0,1666.25,1692.0,1651.0,1689.75,1688.7,1682.66,1237254,2081873167.65,43532,752164,60.79,2018,7,2089350829.8,1.790235081374325,Positive
304,HINDUNILVR,EQ,2018-07-31,1688.7,1690.0,1737.45,1681.7,1733.0,1731.65,1713.9,1877744,3218269509.0,59092,1197175,63.76,2018,7,3251595397.6000004,2.5433765618523063,Positive
305,HINDUNILVR,EQ,2018-08-01,1731.65,1732.95,1743.0,1718.6,1742.25,1734.3,1731.56,1191134,2062522717.6,45668,745872,62.62,2018,8,2065783696.2,0.15303323419859627,Slight or No Change
306,HINDUNILVR,EQ,2018-08-02,1734.3,1742.25,1759.75,1739.0,1750.0,1748.5,1749.59,1127209,1972154964.4,35713,601806,53.39,2018,8,1970924936.5,0.8187741451882724,Slight Positive
307,HINDUNILVR,EQ,2018-08-03,1748.5,1754.0,1767.35,1746.9,1760.5,1763.0,1756.65,758933,1333177144.6,36461,364732,48.06,2018,8,1337998879.0,0.8292822419216472,Slight Positive
308,HINDUNILVR,EQ,2018-08-06,1763.0,1760.0,1760.0,1715.05,1730.0,1730.3,1731.83,1629015,2821182070.45,58718,1037708,63.7,2018,8,2818684654.5,-1.8547929665343243,Negative
309,HINDUNILVR,EQ,2018-08-07,1730.3,1730.8,1742.0,1724.0,1730.0,1730.05,1730.71,863577,1494601119.25,73765,577748,66.9,2018,8,1494031388.85,-0.014448361555796652,Slight or No Change
310,HINDUNILVR,EQ,2018-08-08,1730.05,1728.0,1763.0,1721.35,1761.9,1757.15,1746.54,1423256,2485780573.1,64480,1052816,73.97,2018,8,2500874280.4,1.5664287159330659,Positive
311,HINDUNILVR,EQ,2018-08-09,1757.15,1761.5,1765.0,1738.2,1755.0,1754.2,1753.38,939345,1647026848.55,39716,543579,57.87,2018,8,1647798999.0,-0.16788549640042172,Slight or No Change
312,HINDUNILVR,EQ,2018-08-10,1754.2,1750.0,1763.6,1741.5,1751.0,1752.7,1753.63,730724,1281422101.9,29649,381132,52.16,2018,8,1280739954.8,-0.08550906396077584,Slight or No Change
313,HINDUNILVR,EQ,2018-08-13,1752.7,1739.0,1756.5,1725.75,1730.4,1728.85,1743.98,691024,1205130812.3,45796,355649,51.47,2018,8,1194676842.3999999,-1.3607576881383032,Negative
314,HINDUNILVR,EQ,2018-08-14,1728.85,1729.0,1759.3,1729.0,1743.9,1744.25,1749.3,850399,1487603563.0,39733,467681,55.0,2018,8,1483308455.75,0.890765537785243,Slight Positive
315,HINDUNILVR,EQ,2018-08-16,1744.25,1741.0,1751.95,1730.6,1740.95,1737.4,1740.41,638454,1111169488.55,37949,364700,57.12,2018,8,1109249979.6000001,-0.39271893363909127,Slight or No Change
316,HINDUNILVR,EQ,2018-08-17,1737.4,1741.1,1788.6,1731.75,1784.0,1784.75,1764.26,1420289,2505760170.3,77740,729385,51.35,2018,8,2534860792.75,2.7253367100264603,Positive
317,HINDUNILVR,EQ,2018-08-20,1784.75,1790.0,1808.65,1773.2,1773.8,1777.0,1790.26,924623,1655316337.65,48375,319601,34.57,2018,8,1643055071.0,-0.4342344866227754,Slight or No Change
318,HINDUNILVR,EQ,2018-08-21,1777.0,1777.0,1777.0,1750.0,1753.3,1752.5,1759.16,1169476,2057297166.0,77683,777068,66.45,2018,8,2049506690.0,-1.3787281935846885,Negative
319,HINDUNILVR,EQ,2018-08-23,1752.5,1764.95,1783.5,1757.5,1773.25,1772.8,1769.65,1375102,2433444170.4,96862,872741,63.47,2018,8,2437780825.6,1.1583452211126888,Positive
320,HINDUNILVR,EQ,2018-08-24,1772.8,1773.25,1789.0,1762.25,1783.25,1780.95,1778.31,866648,1541172940.6,39813,443838,51.21,2018,8,1543456755.6000001,0.4597247292418727,Slight or No Change
321,HINDUNILVR,EQ,2018-08-27,1780.95,1791.0,1798.0,1778.7,1791.8,1792.3,1789.67,627163,1122417637.2,35833,386297,61.59,2018,8,1124064244.8999999,0.6373003172464031,Slight Positive
322,HINDUNILVR,EQ,2018-08-28,1792.3,1789.0,1790.95,1767.85,1771.9,1771.2,1778.99,991764,1764333870.25,41409,702356,70.82,2018,8,1756612396.8,-1.1772582714947188,Negative
323,HINDUNILVR,EQ,2018-08-29,1771.2,1775.0,1779.4,1751.25,1755.6,1755.85,1759.56,777922,1368804168.2,45041,519535,66.78,2018,8,1365914343.7,-0.866644083107504,Slight Negative
324,HINDUNILVR,EQ,2018-08-30,1755.85,1755.0,1779.8,1755.0,1776.6,1772.85,1769.96,1586926,2808800920.7,65741,1173607,73.95,2018,8,2813381759.1,0.968192043739502,Slight Positive
325,HINDUNILVR,EQ,2018-08-31,1772.85,1777.0,1789.95,1765.0,1776.0,1780.1,1778.75,1335542,2375597654.15,73876,815756,61.08,2018,8,2377398314.2,0.4089460473249318,Slight or No Change
326,HINDUNILVR,EQ,2018-09-03,1780.1,1791.5,1791.5,1695.85,1699.8,1699.1,1729.5,1744229,3016644454.85,67015,1002351,57.47,2018,9,2963619493.8999996,-4.550306162575135,Among Top Losers
327,HINDUNILVR,EQ,2018-09-04,1699.1,1697.0,1697.95,1623.85,1650.7,1651.2,1645.16,3852609,6338164727.75,133996,2373662,61.61,2018,9,6361427980.8,-2.8191395444647105,Negative
328,HINDUNILVR,EQ,2018-09-05,1651.2,1643.0,1647.55,1596.0,1606.25,1611.7,1617.43,2693195,4356058163.7,104044,1462667,54.31,2018,9,4340622381.5,-2.392199612403101,Negative
329,HINDUNILVR,EQ,2018-09-06,1611.7,1623.45,1636.5,1598.65,1605.0,1608.6,1615.22,2008264,3243793175.1,74991,794149,39.54,2018,9,3230493470.3999996,-0.19234348824224146,Slight or No Change
330,HINDUNILVR,EQ,2018-09-07,1608.6,1611.9,1644.7,1601.0,1632.4,1638.75,1629.77,1571003,2560377919.8,70844,825549,52.55,2018,9,2574481166.25,1.8743006340917523,Positive
331,HINDUNILVR,EQ,2018-09-10,1638.75,1632.7,1640.4,1604.0,1614.9,1610.3,1613.62,1423511,2297012825.15,69448,783485,55.04,2018,9,2292279763.2999997,-1.736079328756679,Negative
332,HINDUNILVR,EQ,2018-09-11,1610.3,1613.0,1624.0,1576.05,1588.05,1590.65,1589.84,2381214,3785750022.15,87065,872045,36.62,2018,9,3787678049.1000004,-1.2202695149971965,Negative
333,HINDUNILVR,EQ,2018-09-12,1590.65,1599.95,1636.9,1587.5,1624.5,1626.85,1619.28,1789295,2897373180.4,97397,866011,48.4,2018,9,2910914570.75,2.27579920158425,Positive
334,HINDUNILVR,EQ,2018-09-14,1626.85,1637.9,1649.0,1612.5,1630.45,1629.3,1623.81,1920969,3119297089.15,99380,1061180,55.24,2018,9,3129834791.7,0.15059778098780452,Slight or No Change
335,HINDUNILVR,EQ,2018-09-17,1629.3,1620.0,1626.0,1595.0,1605.0,1605.45,1605.71,904395,1452197671.85,38903,460182,50.88,2018,9,1451960952.75,-1.4638188178972555,Negative
336,HINDUNILVR,EQ,2018-09-18,1605.45,1622.0,1670.95,1618.0,1664.9,1664.95,1654.67,2932792,4852809015.15,88650,1216505,41.48,2018,9,4882952040.400001,3.706126008284283,Among Top Gainers
337,HINDUNILVR,EQ,2018-09-19,1664.95,1671.0,1678.5,1637.15,1646.2,1647.1,1658.44,1589108,2635432650.0,70524,783187,49.28,2018,9,2617419786.7999997,-1.072104267395424,Negative
338,HINDUNILVR,EQ,2018-09-21,1647.1,1651.0,1656.9,1606.3,1630.9,1621.3,1625.59,3032792,4930084232.05,104190,1880178,61.99,2018,9,4917065669.599999,-1.5663894116932808,Negative
339,HINDUNILVR,EQ,2018-09-24,1621.3,1622.05,1639.5,1564.1,1593.0,1590.45,1605.21,1817390,2917283752.15,81146,995678,54.79,2018,9,2890467925.5,-1.9027940541540667,Negative
340,HINDUNILVR,EQ,2018-09-25,1590.45,1600.0,1640.0,1577.05,1638.0,1630.85,1615.46,1229970,1986972033.1,60738,636403,51.74,2018,9,2005896574.5,2.5401615894872442,Positive
341,HINDUNILVR,EQ,2018-09-26,1630.85,1644.4,1649.0,1598.0,1610.0,1610.75,1610.72,980726,1579677471.9,61278,465915,47.51,2018,9,1579704404.5,-1.23248612686635,Negative
342,HINDUNILVR,EQ,2018-09-27,1610.75,1610.0,1625.0,1603.2,1617.8,1620.1,1617.39,1572603,2543507435.85,58406,945753,60.14,2018,9,2547774120.2999997,0.5804749340369231,Slight Positive
343,HINDUNILVR,EQ,2018-09-28,1620.1,1620.1,1627.3,1600.05,1605.7,1608.4,1611.94,1735076,2796845949.1,86109,1212065,69.86,2018,9,2790696238.4,-0.7221776433553373,Slight Negative
344,HINDUNILVR,EQ,2018-10-01,1608.4,1606.5,1652.4,1601.6,1645.0,1642.3,1627.99,1721675,2802873929.25,42960,1063832,61.79,2018,10,2827506852.5,2.107684655558306,Positive
345,HINDUNILVR,EQ,2018-10-03,1642.3,1642.0,1642.05,1606.65,1619.05,1618.85,1625.03,1213562,1972080505.15,66692,668988,55.13,2018,10,1964574843.6999998,-1.4278755404006582,Negative
346,HINDUNILVR,EQ,2018-10-04,1618.85,1600.0,1602.8,1562.1,1582.4,1573.95,1580.24,1544573,2440793507.95,71821,882914,57.16,2018,10,2431080673.35,-2.773573833276699,Negative
347,HINDUNILVR,EQ,2018-10-05,1573.95,1559.5,1574.85,1528.6,1554.0,1558.55,1550.21,1638027,2539286070.4,73851,835073,50.98,2018,10,2552946980.85,-0.9784300644874455,Slight Negative
348,HINDUNILVR,EQ,2018-10-08,1558.55,1551.0,1570.4,1537.1,1560.0,1559.35,1558.57,1998863,3115360680.4,96128,1280225,64.05,2018,10,3116927019.0499997,0.05132976163741976,Slight or No Change
349,HINDUNILVR,EQ,2018-10-09,1559.35,1563.0,1570.0,1492.5,1507.0,1512.45,1522.0,1562134,2377570224.55,66832,734437,47.01,2018,10,2362649568.3,-3.0076634495142085,Among Top Losers
350,HINDUNILVR,EQ,2018-10-10,1512.45,1512.5,1543.2,1490.55,1523.05,1527.65,1517.7,2294071,3481720482.85,95139,1183071,51.57,2018,10,3504537563.15,1.0049919005586938,Positive
351,HINDUNILVR,EQ,2018-10-11,1527.65,1490.0,1540.0,1477.2,1537.1,1526.1,1499.63,1823960,2735267035.5,108518,1066711,58.48,2018,10,2783545356.0,-0.10146303145355251,Slight or No Change
352,HINDUNILVR,EQ,2018-10-12,1526.1,1555.5,1577.5,1540.1,1565.8,1569.6,1560.56,1728063,2696746737.2,78027,759084,43.93,2018,10,2712367684.7999997,2.850402988008649,Positive
353,HINDUNILVR,EQ,2018-10-15,1569.6,1549.7,1592.95,1500.0,1530.55,1526.3,1521.84,3913322,5955442475.1,119926,1124755,28.74,2018,10,5972903368.599999,-2.758664627930685,Negative
354,HINDUNILVR,EQ,2018-10-16,1526.3,1535.7,1557.55,1526.5,1547.5,1546.2,1543.19,1374834,2121632897.35,53801,636842,46.32,2018,10,2125768330.8,1.3038065911026742,Positive
355,HINDUNILVR,EQ,2018-10-17,1546.2,1558.1,1577.8,1546.05,1564.0,1562.0,1564.12,1223188,1913208145.55,49892,553256,45.23,2018,10,1910619656.0,1.0218600439787728,Positive
356,HINDUNILVR,EQ,2018-10-19,1562.0,1551.2,1585.75,1543.05,1578.75,1578.4,1570.69,932433,1464564005.6,60944,357867,38.38,2018,10,1471752247.2,1.049935979513461,Positive
357,HINDUNILVR,EQ,2018-10-22,1578.4,1588.0,1590.0,1566.6,1584.0,1584.9,1582.54,614209,972007309.35,47091,250971,40.86,2018,10,973459844.1,0.4118094272681283,Slight or No Change
358,HINDUNILVR,EQ,2018-10-23,1584.9,1575.55,1582.0,1547.5,1562.5,1552.05,1562.87,989355,1546231279.1,37654,556583,56.26,2018,10,1535528427.75,-2.0726859738784853,Negative
359,HINDUNILVR,EQ,2018-10-24,1552.05,1562.0,1591.0,1552.4,1586.0,1585.95,1572.51,690618,1086000902.95,42625,287106,41.57,2018,10,1095285617.1000001,2.1842079829902383,Positive
360,HINDUNILVR,EQ,2018-10-25,1585.95,1574.0,1591.75,1552.65,1569.2,1571.55,1569.01,2397242,3761300084.0,71872,1554529,64.85,2018,10,3767385665.1,-0.9079731391279711,Slight Negative
361,HINDUNILVR,EQ,2018-10-26,1571.55,1567.1,1579.5,1549.95,1551.0,1558.25,1566.91,1049382,1644286680.7,53762,619557,59.04,2018,10,1635199501.5,-0.8462982405904929,Slight Negative
362,HINDUNILVR,EQ,2018-10-29,1558.25,1559.45,1559.45,1522.0,1553.9,1552.9,1538.93,1478828,2275807439.5,63350,909917,61.53,2018,10,2296472001.2000003,-0.3433338681212872,Slight or No Change
363,HINDUNILVR,EQ,2018-10-30,1552.9,1553.9,1603.6,1542.45,1582.2,1593.05,1581.09,1366068,2159873912.2,64913,661782,48.44,2018,10,2176214627.4,2.5854852211990353,Positive
364,HINDUNILVR,EQ,2018-10-31,1593.05,1593.0,1624.0,1561.95,1617.0,1621.7,1603.21,1478902,2370995111.45,89360,764961,51.72,2018,10,2398335373.4,1.7984369605473782,Positive
365,HINDUNILVR,EQ,2018-11-01,1621.7,1624.5,1624.5,1583.55,1605.35,1607.65,1597.61,1037308,1657214372.4,54929,495026,47.72,2018,11,1667628206.2,-0.8663747918850606,Slight Negative
366,HINDUNILVR,EQ,2018-11-02,1607.65,1610.7,1648.2,1608.25,1639.0,1638.45,1635.23,1332970,2179715652.15,75030,835980,62.72,2018,11,2184004696.5,1.9158398905234408,Positive
367,HINDUNILVR,EQ,2018-11-05,1638.45,1635.0,1647.0,1610.0,1643.75,1640.05,1626.11,764645,1243394731.5,54951,357457,46.75,2018,11,1254056032.25,0.0976532698587107,Slight or No Change
368,HINDUNILVR,EQ,2018-11-06,1640.05,1650.0,1654.0,1620.1,1626.45,1631.95,1634.23,656676,1073160456.15,36118,287977,43.85,2018,11,1071662398.2,-0.49388738148226086,Slight or No Change
369,HINDUNILVR,EQ,2018-11-07,1631.95,1640.0,1646.95,1634.4,1644.8,1643.85,1642.77,114827,188634257.25,4143,51096,44.5,2018,11,188758363.95,0.7291890070161289,Slight Positive
370,HINDUNILVR,EQ,2018-11-09,1643.85,1650.0,1680.0,1638.3,1670.15,1672.6,1666.33,1125863,1876059258.45,72263,694611,61.7,2018,11,1883118453.8,1.7489430300818176,Positive
371,HINDUNILVR,EQ,2018-11-12,1672.6,1672.0,1681.95,1649.2,1656.0,1654.3,1667.56,805817,1343744419.75,45310,444458,55.16,2018,11,1333063063.1,-1.094104986248956,Negative
372,HINDUNILVR,EQ,2018-11-13,1654.3,1644.1,1678.6,1636.55,1669.55,1671.1,1659.66,673435,1117673070.1,40139,211256,31.37,2018,11,1125377228.5,1.0155352717161392,Positive
373,HINDUNILVR,EQ,2018-11-14,1671.1,1672.0,1739.5,1668.05,1706.0,1715.5,1717.8,1780843,3059138070.15,75850,654948,36.78,2018,11,3055036166.5,2.6569325593920334,Positive
374,HINDUNILVR,EQ,2018-11-15,1715.5,1717.75,1728.4,1696.65,1700.95,1706.05,1710.7,997169,1705857384.05,56084,464790,46.61,2018,11,1701220172.45,-0.5508598076362614,Slight Negative
375,HINDUNILVR,EQ,2018-11-16,1706.05,1704.9,1718.0,1683.3,1693.0,1689.1,1695.82,1071547,1817152289.35,53532,684917,63.92,2018,11,1809950037.6999998,-0.9935230503209214,Slight Negative
376,HINDUNILVR,EQ,2018-11-19,1689.1,1693.3,1707.0,1677.0,1705.1,1701.4,1693.34,910054,1541032367.35,44237,490516,53.9,2018,11,1548365875.6000001,0.7281984488781035,Slight Positive
377,HINDUNILVR,EQ,2018-11-20,1701.4,1701.0,1709.9,1685.05,1695.0,1694.0,1699.17,740827,1258793985.85,51883,324482,43.8,2018,11,1254960938.0,-0.43493593511226836,Slight or No Change
378,HINDUNILVR,EQ,2018-11-21,1694.0,1690.05,1706.0,1678.7,1692.9,1689.95,1690.74,932133,1575992049.15,34918,480574,51.56,2018,11,1575258163.3500001,-0.23907910271546706,Slight or No Change
379,HINDUNILVR,EQ,2018-11-22,1689.95,1692.9,1703.7,1663.0,1675.0,1675.1,1683.93,808599,1361624987.2,37443,305930,37.83,2018,11,1354484184.8999999,-0.8787242226101499,Slight Negative
380,HINDUNILVR,EQ,2018-11-26,1675.1,1678.1,1750.0,1678.1,1740.0,1744.0,1727.56,2314140,3997809237.6,85891,737424,31.87,2018,11,4035860160.0,4.113187272401664,Among Top Gainers
381,HINDUNILVR,EQ,2018-11-27,1744.0,1738.9,1741.5,1709.25,1730.8,1733.3,1725.98,1592918,2749346055.4,90395,910042,57.13,2018,11,2761004769.4,-0.6135321100917412,Slight Negative
382,HINDUNILVR,EQ,2018-11-28,1733.3,1731.0,1748.0,1716.75,1737.45,1732.2,1732.38,1205956,2089176907.65,55112,629162,52.17,2018,11,2088956983.2,-0.06346275889920205,Slight or No Change
383,HINDUNILVR,EQ,2018-11-29,1732.2,1745.9,1780.0,1737.5,1774.45,1768.5,1763.68,1936534,3415426622.55,79305,937875,48.43,2018,11,3424760379.0,2.095600969864919,Positive
384,HINDUNILVR,EQ,2018-11-30,1768.5,1770.95,1798.3,1742.25,1774.3,1754.0,1763.32,2373749,4185668861.55,84072,1335813,56.27,2018,11,4163555746.0,-0.8199038733389896,Slight Negative
385,HINDUNILVR,EQ,2018-12-03,1754.0,1769.5,1838.3,1748.05,1836.0,1825.6,1794.19,4310053,7733058276.9,137726,1486187,34.48,2018,12,7868432756.799999,4.082098061573536,Among Top Gainers
386,HINDUNILVR,EQ,2018-12-04,1825.6,1835.0,1848.95,1801.0,1811.0,1807.65,1817.21,3155914,5734950766.85,133167,1397705,44.29,2018,12,5704787942.1,-0.9832383873794814,Slight Negative
387,HINDUNILVR,EQ,2018-12-05,1807.65,1803.0,1854.8,1788.0,1852.0,1848.1,1826.46,2847336,5200551572.95,109627,973401,34.19,2018,12,5262161661.599999,2.237711946449794,Positive
388,HINDUNILVR,EQ,2018-12-06,1848.1,1840.0,1847.0,1797.65,1799.0,1801.5,1815.81,2399579,4357185526.7,144275,1009472,42.07,2018,12,4322841568.5,-2.5215085763757306,Negative
389,HINDUNILVR,EQ,2018-12-07,1801.5,1801.3,1832.75,1792.1,1825.15,1824.3,1811.81,1774240,3214584334.2,74960,783922,44.18,2018,12,3236746032.0,1.2656119900083196,Positive
390,HINDUNILVR,EQ,2018-12-10,1824.3,1796.8,1815.0,1790.0,1800.0,1795.8,1802.24,1216028,2191574721.75,72293,548580,45.11,2018,12,2183743082.4,-1.562243052129586,Negative
391,HINDUNILVR,EQ,2018-12-11,1795.8,1781.0,1819.9,1770.1,1795.7,1794.9,1795.87,2237806,4018805765.6,122001,1239189,55.38,2018,12,4016637989.4,-0.0501169395255574,Slight or No Change
392,HINDUNILVR,EQ,2018-12-12,1794.9,1796.0,1845.05,1795.95,1838.15,1839.1,1826.8,1449484,2647920690.5,68923,653738,45.1,2018,12,2665746024.4,2.462532731628486,Positive
393,HINDUNILVR,EQ,2018-12-13,1839.1,1848.0,1867.45,1837.05,1852.05,1855.55,1853.19,1586900,2940819581.0,104574,758442,47.79,2018,12,2944572295.0,0.8944592463705048,Slight Positive
394,HINDUNILVR,EQ,2018-12-14,1855.55,1837.0,1865.85,1832.75,1860.55,1860.55,1852.52,1573884,2915656040.0,84581,759032,48.23,2018,12,2928289876.2,0.2694618846164287,Slight or No Change
395,HINDUNILVR,EQ,2018-12-17,1860.55,1865.0,1869.5,1845.05,1850.75,1850.7,1855.7,1179613,2189010587.15,50816,475479,40.31,2018,12,2183109779.1,-0.5294133455161054,Slight Negative
396,HINDUNILVR,EQ,2018-12-18,1850.7,1848.9,1848.9,1833.0,1844.0,1840.75,1839.35,1521255,2798114681.9,58549,1040031,68.37,2018,12,2800250141.25,-0.5376344086021501,Slight Negative
397,HINDUNILVR,EQ,2018-12-19,1840.75,1849.95,1858.0,1842.0,1845.0,1844.8,1848.62,1687085,3118785203.6,89407,1324512,78.51,2018,12,3112334408.0,0.22001901398887025,Slight or No Change
398,HINDUNILVR,EQ,2018-12-20,1844.8,1839.0,1854.9,1821.0,1833.0,1834.25,1839.16,1500656,2759945725.9,84823,898964,59.9,2018,12,2752578268.0,-0.5718777103209005,Slight Negative
399,HINDUNILVR,EQ,2018-12-21,1834.25,1833.0,1842.6,1800.0,1810.0,1803.5,1816.56,1439522,2614985011.9,85704,946603,65.76,2018,12,2596177927.0,-1.6764345100177214,Negative
400,HINDUNILVR,EQ,2018-12-24,1803.5,1814.0,1814.0,1777.55,1788.0,1784.65,1797.63,1023418,1839728513.15,46050,376414,36.78,2018,12,1826442933.7,-1.0451899085112237,Negative
401,HINDUNILVR,EQ,2018-12-26,1784.65,1760.0,1798.65,1741.25,1790.0,1791.6,1772.77,2212019,3921411644.1,71897,642553,29.05,2018,12,3963053240.3999996,0.3894321015325053,Slight or No Change
402,HINDUNILVR,EQ,2018-12-27,1791.6,1802.7,1823.0,1793.15,1816.0,1814.9,1807.59,1516851,2741845054.3,60445,801536,52.84,2018,12,2752932879.9,1.3005135074793506,Positive
403,HINDUNILVR,EQ,2018-12-28,1814.9,1817.9,1834.9,1815.7,1820.0,1822.05,1826.37,963189,1759135560.45,46234,459688,47.73,2018,12,1754978517.45,0.39396109978511173,Slight or No Change
404,HINDUNILVR,EQ,2018-12-31,1822.05,1830.0,1836.9,1811.25,1817.9,1819.65,1820.78,757071,1378463008.35,29700,412583,54.5,2018,12,1377604245.15,-0.13171976619740233,Slight or No Change
405,HINDUNILVR,EQ,2019-01-01,1819.65,1824.8,1824.8,1798.35,1799.0,1801.1,1804.57,807345,1456911127.7,23385,438072,54.26,2019,1,1454109079.5,-1.019426812848634,Negative
406,HINDUNILVR,EQ,2019-01-02,1801.1,1792.4,1808.85,1771.3,1781.0,1784.6,1786.89,1598707,2856718978.55,58293,993011,62.11,2019,1,2853052512.2,-0.9161068236077985,Slight Negative
407,HINDUNILVR,EQ,2019-01-03,1784.6,1782.6,1803.45,1782.6,1785.0,1788.4,1792.38,1182624,2119709407.95,60197,680871,57.57,2019,1,2115004761.6000001,0.21293287011094897,Slight or No Change
408,HINDUNILVR,EQ,2019-01-04,1788.4,1798.9,1802.0,1772.15,1780.0,1781.7,1784.94,1454134,2595536562.0,79115,862409,59.31,2019,1,2590830547.8,-0.37463654663386636,Slight or No Change
409,HINDUNILVR,EQ,2019-01-07,1781.7,1791.5,1804.0,1782.45,1784.0,1784.95,1790.16,909032,1627311434.2,30753,611874,67.31,2019,1,1622576668.4,0.18241005780996744,Slight or No Change
410,HINDUNILVR,EQ,2019-01-08,1784.95,1792.0,1793.5,1761.1,1769.95,1770.85,1773.74,1262707,2239711344.45,57180,804480,63.71,2019,1,2236064690.95,-0.7899380935040279,Slight Negative
411,HINDUNILVR,EQ,2019-01-09,1770.85,1777.5,1797.0,1773.4,1786.0,1785.0,1785.48,1324628,2365099189.6,72737,778203,58.75,2019,1,2364460980.0,0.7990513030465607,Slight Positive
412,HINDUNILVR,EQ,2019-01-10,1785.0,1785.0,1799.1,1779.0,1786.0,1786.2,1787.93,1313981,2349309256.2,56693,892823,67.95,2019,1,2347032862.2000003,0.06722689075631116,Slight or No Change
413,HINDUNILVR,EQ,2019-01-11,1786.2,1795.0,1795.4,1758.55,1770.0,1769.4,1773.87,1113837,1975803617.2,52486,649663,58.33,2019,1,1970823187.8000002,-0.9405441719852137,Slight Negative
414,HINDUNILVR,EQ,2019-01-14,1769.4,1771.0,1780.75,1760.1,1766.0,1763.9,1766.64,1018068,1798561084.2,36672,675559,66.36,2019,1,1795770145.2,-0.3108398327116513,Slight or No Change
415,HINDUNILVR,EQ,2019-01-15,1763.9,1767.4,1793.4,1767.4,1786.55,1789.85,1780.97,1614600,2875557581.75,56059,1231103,76.25,2019,1,2889891810.0,1.4711718351380298,Positive
416,HINDUNILVR,EQ,2019-01-16,1789.85,1790.0,1794.8,1766.8,1771.65,1772.55,1774.6,2054033,3645095839.05,53605,1545518,75.24,2019,1,3640876194.15,-0.966561443696401,Slight Negative
417,HINDUNILVR,EQ,2019-01-17,1772.55,1776.9,1779.25,1742.5,1750.0,1751.5,1760.88,1941204,3418235345.45,80743,895796,46.15,2019,1,3400018806.0,-1.1875546529011904,Negative
418,HINDUNILVR,EQ,2019-01-18,1751.5,1750.0,1768.85,1727.3,1746.4,1744.1,1746.76,3234056,5649114893.35,119528,1229772,38.03,2019,1,5640517069.599999,-0.422495004282053,Slight or No Change
419,HINDUNILVR,EQ,2019-01-21,1744.1,1749.0,1758.0,1736.05,1745.85,1746.9,1747.7,1628067,2845378288.5,65165,1057378,64.95,2019,1,2844070242.3,0.1605412533685069,Slight or No Change
420,HINDUNILVR,EQ,2019-01-22,1746.9,1746.0,1755.0,1741.25,1751.0,1750.2,1749.37,1776472,3107698997.0,87250,1227583,69.1,2019,1,3109181294.4,0.18890606216726002,Slight or No Change
421,HINDUNILVR,EQ,2019-01-23,1750.2,1752.0,1784.05,1749.4,1760.55,1767.2,1774.32,2321782,4119584551.2,59649,1249936,53.84,2019,1,4103053150.4,0.9713175637070082,Slight Positive
422,HINDUNILVR,EQ,2019-01-24,1767.2,1766.8,1784.05,1756.7,1759.0,1759.5,1763.94,1350870,2382854580.75,62636,925006,68.47,2019,1,2376855765.0,-0.43571751923947577,Slight or No Change
423,HINDUNILVR,EQ,2019-01-25,1759.5,1762.0,1778.75,1750.0,1755.0,1756.8,1763.2,1131790,1995570636.6,76957,660207,58.33,2019,1,1988328672.0,-0.1534526854219953,Slight or No Change
424,HINDUNILVR,EQ,2019-01-28,1756.8,1758.9,1771.55,1740.15,1746.0,1743.0,1751.66,1289774,2259249716.85,75400,942979,73.11,2019,1,2248076082.0,-0.785519125683054,Slight Negative
425,HINDUNILVR,EQ,2019-01-29,1743.0,1745.0,1763.85,1726.1,1758.0,1756.7,1750.93,1319822,2310911235.4,55006,905273,68.59,2019,1,2318531307.4,0.7860011474469353,Slight Positive
426,HINDUNILVR,EQ,2019-01-30,1756.7,1760.0,1760.75,1728.1,1729.0,1733.35,1740.74,1259978,2193294539.3,93638,785972,62.38,2019,1,2183982866.2999997,-1.329196789434739,Negative
427,HINDUNILVR,EQ,2019-01-31,1733.35,1735.9,1774.9,1735.25,1757.15,1763.25,1764.22,1880257,3317179921.7,69687,1166486,62.04,2019,1,3315363155.25,1.7249834136210174,Positive
428,HINDUNILVR,EQ,2019-02-01,1763.25,1763.25,1832.5,1761.45,1799.9,1799.3,1802.24,2342251,4221289201.0,99426,1205126,51.45,2019,2,4214412224.2999997,2.0445200623848026,Positive
429,HINDUNILVR,EQ,2019-02-04,1799.3,1799.9,1823.0,1794.7,1802.65,1802.6,1807.77,1116390,2018179454.75,59891,492621,44.13,2019,2,2012404614.0,0.18340465736674805,Slight or No Change
430,HINDUNILVR,EQ,2019-02-05,1802.6,1805.0,1834.95,1804.95,1817.35,1821.45,1825.73,1278708,2334579666.6,72753,698355,54.61,2019,2,2329102686.6,1.0457117496948998,Positive
431,HINDUNILVR,EQ,2019-02-06,1821.45,1828.4,1836.45,1820.0,1830.0,1829.95,1830.56,859789,1573896138.2,46763,508938,59.19,2019,2,1573370880.55,0.4666611765351769,Slight or No Change
432,HINDUNILVR,EQ,2019-02-07,1829.95,1834.0,1845.0,1828.35,1837.65,1839.05,1839.14,927434,1705677898.05,59806,523368,56.43,2019,2,1705597497.7,0.4972813464848791,Slight or No Change
433,HINDUNILVR,EQ,2019-02-08,1839.05,1839.1,1847.0,1811.0,1815.0,1817.3,1827.11,1222765,2234122584.55,61098,862722,70.56,2019,2,2222130834.5,-1.1826758380685698,Negative
434,HINDUNILVR,EQ,2019-02-11,1817.3,1811.05,1815.4,1795.75,1812.5,1804.8,1804.64,797453,1439115107.0,65801,493336,61.86,2019,2,1439243174.3999999,-0.6878335992956619,Slight Negative
435,HINDUNILVR,EQ,2019-02-12,1804.8,1810.0,1812.0,1789.0,1793.0,1794.5,1796.79,990035,1778882803.75,65893,610526,61.67,2019,2,1776617807.5,-0.5707003546099321,Slight Negative
436,HINDUNILVR,EQ,2019-02-13,1794.5,1800.0,1814.9,1791.6,1793.4,1798.95,1803.74,1227463,2214018893.15,79931,723389,58.93,2019,2,2208144563.85,0.2479799387015813,Slight or No Change
437,HINDUNILVR,EQ,2019-02-14,1798.95,1796.0,1798.5,1777.0,1782.35,1785.05,1786.78,1341658,2397249318.6,68692,797555,59.45,2019,2,2394926612.9,-0.7726729481086214,Slight Negative
438,HINDUNILVR,EQ,2019-02-15,1785.05,1790.0,1790.0,1747.5,1773.0,1772.8,1765.01,1177218,2077805146.0,63074,629801,53.5,2019,2,2086972070.3999999,-0.6862552869667526,Slight Negative
439,HINDUNILVR,EQ,2019-02-18,1772.8,1775.1,1775.1,1735.0,1753.0,1751.9,1746.17,1513430,2642700487.45,68178,960848,63.49,2019,2,2651378017.0,-1.178925992779778,Negative
440,HINDUNILVR,EQ,2019-02-19,1751.9,1750.0,1759.6,1730.45,1740.7,1737.95,1741.74,1598381,2783957888.8,69502,963881,60.3,2019,2,2777906258.9500003,-0.7962783263884998,Slight Negative
441,HINDUNILVR,EQ,2019-02-20,1737.95,1742.7,1745.95,1722.0,1736.0,1733.5,1731.28,1430235,2476135669.15,93932,929685,65.0,2019,2,2479312372.5,-0.2560487931183353,Slight or No Change
442,HINDUNILVR,EQ,2019-02-21,1733.5,1737.0,1758.0,1736.35,1753.8,1754.7,1750.18,1225418,2144698391.35,88905,778410,63.52,2019,2,2150240964.6,1.222959330833584,Positive
443,HINDUNILVR,EQ,2019-02-22,1754.7,1760.0,1773.0,1751.95,1767.65,1768.55,1765.88,1360163,2401890279.2,59415,977598,71.87,2019,2,2405516273.65,0.7893087137402333,Slight Positive
444,HINDUNILVR,EQ,2019-02-25,1768.55,1772.0,1775.8,1759.0,1772.0,1770.15,1767.01,1490746,2634161620.65,85731,1067441,71.6,2019,2,2638844031.9,0.09046959373499863,Slight or No Change
445,HINDUNILVR,EQ,2019-02-26,1770.15,1763.4,1785.9,1762.0,1768.9,1772.25,1776.55,2190515,3891559939.65,98700,1570684,71.7,2019,2,3882140208.75,0.11863401406659868,Slight or No Change
446,HINDUNILVR,EQ,2019-02-27,1772.25,1779.0,1779.0,1728.55,1735.5,1736.5,1745.45,1491740,2603752524.0,99084,830574,55.68,2019,2,2590406510.0,-2.0172097616024787,Negative
447,HINDUNILVR,EQ,2019-02-28,1736.5,1749.0,1756.65,1727.6,1732.3,1732.65,1739.45,1895136,3296500396.9,94965,1257714,66.37,2019,2,3283607390.4,-0.22171033688452857,Slight or No Change
448,HINDUNILVR,EQ,2019-03-01,1732.65,1735.0,1749.0,1731.05,1735.0,1734.65,1739.39,761115,1323878629.6,59544,488995,64.25,2019,3,1320268134.75,0.11543012149020093,Slight or No Change
449,HINDUNILVR,EQ,2019-03-05,1734.65,1739.8,1739.8,1717.5,1725.0,1724.6,1724.93,1406843,2426703625.95,116686,853009,60.63,2019,3,2426241437.7999997,-0.5793675957686095,Slight Negative
450,HINDUNILVR,EQ,2019-03-06,1724.6,1726.1,1730.0,1697.95,1700.0,1699.8,1707.44,2193045,3744496305.55,108551,1573909,71.77,2019,3,3727737891.0,-1.4380146120839599,Negative
451,HINDUNILVR,EQ,2019-03-07,1699.8,1706.35,1720.0,1699.8,1707.35,1705.4,1708.79,1566441,2676722914.55,79955,906201,57.85,2019,3,2671408481.4,0.3294505235910128,Slight or No Change
452,HINDUNILVR,EQ,2019-03-08,1705.4,1706.0,1718.0,1695.1,1701.8,1701.6,1702.7,1419614,2417176480.1,50981,838206,59.04,2019,3,2415615182.4,-0.22282162542512918,Slight or No Change
453,HINDUNILVR,EQ,2019-03-11,1701.6,1708.75,1726.0,1703.0,1717.0,1714.95,1716.43,1427771,2450671779.85,62445,937086,65.63,2019,3,2448555876.4500003,0.7845557122708069,Slight Positive
454,HINDUNILVR,EQ,2019-03-12,1714.95,1718.9,1739.0,1718.8,1736.0,1734.8,1734.4,1861116,3227927396.95,86794,1306720,70.21,2019,3,3228664036.7999997,1.1574681477594106,Positive
455,HINDUNILVR,EQ,2019-03-13,1734.8,1749.0,1755.5,1741.1,1748.5,1747.6,1747.33,1744331,3047928323.8,86427,1126260,64.57,2019,3,3048392855.6,0.7378372146645162,Slight Positive
456,HINDUNILVR,EQ,2019-03-14,1747.6,1750.75,1751.7,1730.2,1738.0,1737.3,1736.25,867427,1506070230.0,73209,578365,66.68,2019,3,1506980927.1,-0.5893797207598972,Slight Negative
457,HINDUNILVR,EQ,2019-03-15,1737.3,1745.0,1746.5,1694.45,1701.0,1698.4,1702.04,3571762,6079288149.8,128175,2297393,64.32,2019,3,6066280580.8,-2.2391066597593934,Negative
458,HINDUNILVR,EQ,2019-03-18,1698.4,1710.0,1710.95,1686.9,1697.0,1697.55,1698.64,1621113,2753679358.95,62545,760107,46.89,2019,3,2751920373.15,-0.05004710315591465,Slight or No Change
459,HINDUNILVR,EQ,2019-03-19,1697.55,1697.6,1709.4,1688.2,1701.0,1699.65,1698.3,1456211,2473089662.45,75420,952246,65.39,2019,3,2475049026.15,0.12370769638596624,Slight or No Change
460,HINDUNILVR,EQ,2019-03-20,1699.65,1705.0,1716.5,1683.45,1685.05,1687.55,1702.74,2312268,3937180157.8,87548,1583603,68.49,2019,3,3902067863.4,-0.7119112758509183,Slight Negative
461,HINDUNILVR,EQ,2019-03-22,1687.55,1687.55,1703.85,1673.7,1677.5,1678.05,1685.25,1636228,2757456874.7,69901,786092,48.04,2019,3,2745672395.4,-0.5629462830730958,Slight Negative
462,HINDUNILVR,EQ,2019-03-25,1678.05,1674.0,1687.5,1660.0,1676.0,1673.85,1674.08,2039945,3415026503.65,53113,1327607,65.08,2019,3,3414561938.25,-0.2502905157772406,Slight or No Change
463,HINDUNILVR,EQ,2019-03-26,1673.85,1679.9,1691.55,1674.0,1684.0,1683.8,1683.21,1452899,2445541295.55,56242,784693,54.01,2019,3,2446391336.2,0.5944379723392235,Slight Positive
464,HINDUNILVR,EQ,2019-03-27,1683.8,1684.0,1707.8,1675.0,1676.0,1680.8,1693.98,1520533,2575753464.15,60863,709104,46.64,2019,3,2555711866.4,-0.17816842855445936,Slight or No Change
465,HINDUNILVR,EQ,2019-03-28,1680.8,1685.0,1692.0,1673.4,1689.85,1683.9,1681.5,1852958,3115749382.3,60847,1266445,68.35,2019,3,3120195976.2000003,0.18443598286530527,Slight or No Change
466,HINDUNILVR,EQ,2019-03-29,1683.9,1695.3,1712.85,1691.9,1706.5,1706.8,1706.33,2348874,4007948160.0,101910,1640895,69.86,2019,3,4009058143.2,1.3599382386127346,Positive
467,HINDUNILVR,EQ,2019-04-01,1706.8,1710.0,1721.35,1686.0,1690.0,1690.0,1702.01,1283162,2183957654.5,84799,633302,49.35,2019,4,2168543780.0,-0.984298101710801,Slight Negative
468,HINDUNILVR,EQ,2019-04-02,1690.0,1693.15,1697.0,1680.1,1682.0,1687.15,1687.2,1227869,2071666085.85,49263,679972,55.38,2019,4,2071599183.3500001,-0.16863905325443795,Slight or No Change
469,HINDUNILVR,EQ,2019-04-03,1687.15,1682.0,1686.6,1668.65,1671.1,1670.8,1677.49,1233102,2068511885.3,66579,609761,49.45,2019,4,2060266821.6,-0.9690898853095486,Slight Negative
470,HINDUNILVR,EQ,2019-04-04,1670.8,1668.0,1686.6,1658.0,1666.5,1666.55,1671.46,1212398,2026476312.45,44295,697667,57.54,2019,4,2020521886.8999999,-0.25436916447211244,Slight or No Change
471,HINDUNILVR,EQ,2019-04-05,1666.55,1670.0,1671.5,1650.0,1662.55,1659.1,1656.32,1468074,2431599475.75,54773,894132,60.91,2019,4,2435681573.4,-0.44703129219045845,Slight or No Change
472,HINDUNILVR,EQ,2019-04-08,1659.1,1664.9,1679.75,1656.9,1661.5,1664.9,1669.4,1647502,2750337160.8,72607,825191,50.09,2019,4,2742926079.8,0.3495871255499994,Slight or No Change
473,HINDUNILVR,EQ,2019-04-09,1664.9,1668.8,1683.9,1662.25,1681.0,1680.5,1673.99,1232434,2063084913.35,69034,903085,73.28,2019,4,2071105337.0,0.9369932128055591,Slight Positive
474,HINDUNILVR,EQ,2019-04-10,1680.5,1684.7,1704.65,1675.0,1699.0,1694.15,1694.92,1720236,2915666406.45,79919,996212,57.91,2019,4,2914337819.4,0.8122582564712877,Slight Positive
475,HINDUNILVR,EQ,2019-04-11,1694.15,1703.0,1716.5,1698.05,1712.0,1710.4,1710.78,2026954,3467671525.7,95478,1275040,62.9,2019,4,3466902121.6000004,0.9591830711566329,Slight Positive
476,HINDUNILVR,EQ,2019-04-12,1710.4,1716.4,1724.7,1710.2,1720.4,1721.65,1718.84,1437818,2471385268.95,70567,847460,58.94,2019,4,2475419359.7000003,0.6577408793264627,Slight Positive
477,HINDUNILVR,EQ,2019-04-15,1721.65,1725.0,1731.2,1713.1,1722.7,1722.05,1722.9,1035378,1783848580.9,47784,671125,64.82,2019,4,1782972684.8999999,0.02323352597797257,Slight or No Change
478,HINDUNILVR,EQ,2019-04-16,1722.05,1726.0,1742.0,1716.15,1739.75,1738.55,1736.15,1625738,2822532135.9,92977,1167135,71.79,2019,4,2826426799.9,0.95816033216225,Slight Positive
479,HINDUNILVR,EQ,2019-04-18,1738.55,1738.55,1744.1,1729.25,1742.0,1739.9,1738.82,1475552,2565716224.9,63822,848085,57.48,2019,4,2567312924.8,0.07765091599321039,Slight or No Change
480,HINDUNILVR,EQ,2019-04-22,1739.9,1740.0,1745.0,1730.1,1738.8,1739.85,1738.7,717781,1248006649.35,43298,450495,62.76,2019,4,1248831272.85,-0.002873728375207829,Slight or No Change
481,HINDUNILVR,EQ,2019-04-23,1739.85,1742.0,1748.0,1733.1,1744.6,1744.2,1742.1,802947,1398817909.05,37702,460369,57.33,2019,4,1400500157.4,0.25002155358220257,Slight or No Change
482,HINDUNILVR,EQ,2019-04-24,1744.2,1744.6,1755.0,1735.0,1754.9,1752.6,1742.32,1169461,2037578627.5,53246,888932,76.01,2019,4,2049597348.6,0.4815961472308228,Slight or No Change
483,HINDUNILVR,EQ,2019-04-25,1752.6,1756.0,1762.6,1727.2,1737.15,1734.2,1743.94,1704890,2973226773.4,60998,1312480,76.98,2019,4,2956620238.0,-1.049868766404194,Negative
484,HINDUNILVR,EQ,2019-04-26,1734.2,1738.0,1750.8,1726.15,1747.05,1747.35,1738.85,772993,1344120329.25,37521,470100,60.82,2019,4,1350689318.55,0.7582747087994335,Slight Positive
485,HINDUNILVR,EQ,2019-04-30,1747.35,1750.0,1762.0,1744.95,1753.1,1757.7,1755.94,1171594,2057244808.85,60795,892038,76.14,2019,4,2059310773.8,0.5923255215039891,Slight Positive
486,HINDUNILVR,EQ,2019-05-02,1757.7,1756.5,1762.5,1720.25,1723.0,1723.55,1740.05,793819,1381286897.25,47311,486269,61.26,2019,5,1368186737.45,-1.9428798998691543,Negative
487,HINDUNILVR,EQ,2019-05-03,1723.55,1720.0,1727.0,1682.0,1690.65,1693.55,1698.94,1442888,2451375258.8,83786,614638,42.6,2019,5,2443602972.4,-1.7405935423979613,Negative
488,HINDUNILVR,EQ,2019-05-06,1693.55,1687.0,1687.0,1656.0,1668.1,1668.9,1666.58,2373878,3956259407.0,150408,1137685,47.93,2019,5,3961764994.2000003,-1.4555224233119723,Negative
489,HINDUNILVR,EQ,2019-05-07,1668.9,1678.8,1710.9,1672.5,1697.5,1697.5,1700.33,2212617,3762183398.3,83971,1248858,56.44,2019,5,3755917357.5,1.7137036371262404,Positive
490,HINDUNILVR,EQ,2019-05-08,1697.5,1697.5,1697.5,1675.0,1690.15,1688.7,1686.13,1243338,2096428105.7,105328,849935,68.36,2019,5,2099624880.6000001,-0.5184094256259208,Slight Negative
491,HINDUNILVR,EQ,2019-05-09,1688.7,1680.1,1713.0,1677.0,1702.45,1703.75,1695.24,1204995,2042756810.8,96629,821111,68.14,2019,5,2053010231.25,0.8912180967608263,Slight Positive
492,HINDUNILVR,EQ,2019-05-10,1703.75,1708.95,1709.0,1678.5,1686.0,1687.45,1694.39,1000696,1695567197.2,98364,581135,58.07,2019,5,1688624465.2,-0.956713132795306,Slight Negative
493,HINDUNILVR,EQ,2019-05-13,1687.45,1692.0,1717.0,1688.7,1699.1,1702.0,1705.6,1160287,1978984412.95,55814,653294,56.3,2019,5,1974808474.0,0.862247770304303,Slight Positive
